id,place,lat,lon
1,"Barolo,Italy",44.6108408,7.9428448
2,"Monterey,US",36.600256,-121.8946388
3,"Piedmont,Italy",33.547545,-86.902243
4,"Lontue+Valley,Chile",-35.0549065,-71.2745634
5,"Monreale,Italy",38.0801239,13.2887208
6,"Macon-Aze,France",46.4321441,4.7602062
7,"San+Antonio+Valley,US",29.4246002,-98.4951405
8,"Burgundy,France",47.27808725,4.22248630430605
9,"Diano+d'Alba,Italy",44.6503104,8.0275084
10,"Napareuli,Georgia",41.9250208,45.4616866
11,"Strathbogie+Ranges,Australia",-37.8056262,145.3319978
12,"Santa+Ynez+Valley,US",34.608637,-120.104677421497
13,"Ribbon+Ridge,US",29.5685388,-98.7033549
14,"Saint-Peray,France",44.9454417,4.8430943
15,"San+Luis+Obispo,US",35.2827525,-120.6596156
16,"Walker+Bay,South+Africa",-34.5563889,19.3416667
17,"Fort+Ross-Seaview,US",0,0
18,"Sangiovese+di+Toscana,Italy",0,0
19,"Paardeberg,South+Africa",-28.9737214,25.0862166
20,"Coteaux+du+Lyonnais,France",45.6782926,4.6890095
21,"Egilias+Slopes,Greece",0,0
22,"Cotes+du+Roussillon+Villages+Caramany,France",0,0
23,"Valencia,Spain",39.4699014,-0.3759513
24,"South+Coast,US",32.7469891,-117.2516124
25,"Kumeu,New+Zealand",-36.7746685,174.5548889
26,"Santenay,France",46.9115071,4.6996302
27,"Paso+Robles+Willow+Creek+District,US",0,0
28,"Murray-Darling,Australia",-33.8888719,151.190283
29,"Sonoma+County-Monterey+County,US",0,0
30,"Offida+Passerina,Italy",0,0
31,"Circeo,Italy",41.232602,13.0891737
32,"Lake+County,US",42.3327033,-87.9939552
33,"Redwood+Valley,US",39.2654449,-123.2044496
34,"Retsina,Greece",37.9517536,23.6477047
35,"Gutturnio+Colli+Piacentini,Italy",0,0
36,"Dolcetto+di+Diano+d'Alba,Italy",0,0
37,"Tumbarumba,Australia",-35.7764898,148.010062
38,"Pays+d'Oc,France",43.604764,1.4540399
39,"Muscat+of+Kefallonian,Greece",0,0
40,"Sierra+Pelona+Valley,US",0,0
41,"Bardolino+Classico+Superiore,Italy",0,0
42,"Valdeorras,Spain",42.4161908,-6.983967
43,"Itata+Valley,Chile",-36.5576104,-72.6022911
44,"Vin+de+Liqueur,France",0,0
45,"McLaren+Vale-Adelaide+Hills,Australia",0,0
46,"Sannio,Italy",41.0693267,14.8524578
47,"Clear+Lake,US",44.7595585,-96.6826444421204
48,"Uruguay,Uruguay",-32.8755548,-56.0201525
49,"Boca,Italy",45.678969,8.408726
50,"Bramaterra,Italy",45.6312734,8.3012197
51,"Rose+de+Loire,France",47.1947627,2.3785761
52,"Lambrusco+Salamino+di+Santa+Croce,Italy",0,0
53,"Krk,Croatia",45.09019545,14.5496681077068
54,"Morellino+di+Scansano,Italy",42.71255365,11.2280516033925
55,"Napa,US",38.2971367,-122.2855293
56,"Coteaux+d'Aix-en-Provence,France",0,0
57,"Corbieres,France",48.421579,4.0481776
58,"Cuyo,Argentina",-38.6954269,-62.2812182
59,"Colli+di+Luni,Italy",0,0
60,"Guenoc+Valley,US",38.792,-122.570971
61,"San+Marino,Italy",45.8983636,11.6927814
62,"Haut-Poitou,France",44.7779286,-0.0573366
63,"Barbera+di+Piemonte,Italy",44.3641374,7.3660814
64,"Sancerre,France",47.3307251,2.8390333
65,"Valpolicella+Superiore+Ripasso,Italy",0,0
66,"Saint-Chinian,France",43.4215,2.94677
67,"Wellington,South+Africa",-33.643055,19.010556
68,"France+Other,France",0,0
69,"Lessona,Italy",45.5872701,8.1943371
70,"Ben+Lomond+Mountain,US",37.1309414,-122.1682351
71,"Landwein+Rhein,Germany",0,0
72,"Waitaki+Valley,New+Zealand",-44.9129104,170.9916306
73,"Lake-Sonoma-Napa,US",0,0
74,"Colonia,Uruguay",-34.4698592,-57.8433679
75,"Anderson+Valley-Sonoma+County-Cole+Ranch,US",0,0
76,"Rapel+Valley,Chile",-33.9434247,-71.7380794
77,"Saint-Joseph,France",-21.3789306,55.6190645
78,"Luberon,France",43.83143,5.7752136
79,"Vin+Santo+di+Carmignano,Italy",0,0
80,"Erice,Italy",38.0374278,12.5869952
81,"Napa-Mendocino-Sonoma-Marin,US",0,0
82,"Custoza,Italy",45.376982,10.7962743
83,"Val+de+Loire,France",45.4399177,4.3878221
84,"Madeira,Portugal",32.75174875,-16.9817520488474
85,"Bonnezeaux,France",47.078553,-0.8367639
86,"Trinity+County,US",40.6053256,-123.171268
87,"Torgiano,Italy",43.028542,12.44136
88,"Darling,South+Africa",-33.376426,18.379189
89,"Coteaux+de+Verdon,France",0,0
90,"Ilias,Greece",39.4591597,22.2130845
91,"Leverano,Italy",40.2894249,17.9994144
92,"Cafayate,Argentina",-26.071047,-65.9800655
93,"Vin+de+Pays+de+Vaucluse,France",0,0
94,"Negev+Hills,Israel",0,0
95,"Passito+di+Pantelleria,Italy",0,0
96,"Saint+Guilhem+le+Desert,France",43.734,3.54852
97,"Muscadet+Coteaux+de+la+Loire,France",0,0
98,"Lessini+Durello,Italy",0,0
99,"Santa+Barbara-Monterey,US",34.421814,-119.7269
100,"Chignin-Bergeron,France",0,0
101,"Delia+Nivolelli,Italy",0,0
102,"McLaren+Vale-Beechworth,Australia",0,0
103,"Niederosterreich,Austria",48.2817813,15.7632457
104,"Toscana,Italy",43.4586541,11.1389204
105,"Costieres+de+Nimes,France",43.8170759,4.360587
106,"Catalonia,Spain",41.8523094,1.5745043
107,"Pennsylvania,US",40.9699889,-77.7278831
108,"Costa+Toscana,Italy",44.2091823,10.2612037
109,"Frascati+Superiore,Italy",0,0
110,"Vin+Mousseux,France",0,0
111,"Hautes+Cotes+de+Nuits,France",0,0
112,"Conero,Italy",43.5520619,13.6053591
113,"Curico+and+Leyda+Valleys,Chile",0,0
114,"Tarragona,Spain",41.1172364,1.2546057
115,"Brachetto+d'Acqui,Italy",0,0
116,"Amindeo,Greece",0,0
117,"Southern+Highlands,Australia",-34.4706676,150.418404795804
118,"Macedon+Ranges,Australia",-37.2895759,144.458757020328
119,"Palmela,Portugal",38.6267848,-8.79263465961152
120,"Montagne-Saint-Emilion,France",44.9253754,-0.165846
121,"Sonoma+County-Lake+County,US",0,0
122,"Patagonia,Argentina",-44.99028505,-70.8173741354423
123,"Vin+de+Pays+Var,France",0,0
124,"Bourgueil,France",47.2827691,0.1788873
125,"Dolcetto+d'Asti,Italy",0,0
126,"Choapa+Valley,Chile",-31.7280122,-71.2080683
127,"Muzla,Slovakia",47.79697295,18.5771979853172
128,"Mount+Benson,Australia",-33.52941,120.07625
129,"Vin+de+Pays+de+Cotes+du+Tarn,France",0,0
130,"Colchagua+Valley,Chile",-34.548228,-71.4013194
131,"Coombsville,US",32.776853,-96.857517
132,"Pouilly-Loche,France",46.2784659,4.7688545
133,"Columbia+Valley-Walla+Walla+Valley,US",0,0
134,"Goriska+Brda,Slovenia",45.9977226,13.5273596
135,"Cour-Cheverny,France",47.512759,1.4588243
136,"Vino+de+Calidad+de+Tierras+de+Leon,Spain",0,0
137,"Pafos,Cyprus",34.9169592,32.4982122742881
138,"Drama,Greece",41.1499443,24.1468286
139,"Muscadet+Sevre+et+Maine+Clisson,France",0,0
140,"Niagara-On-The-Lake,Canada",43.2551115,-79.0714896
141,"Apalta,Chile",-34.6239248,-71.2671251
142,"Vin+de+Pays+du+Lot,France",0,0
143,"Colli+del+Limbara,Italy",0,0
144,"Jurancon,France",43.2871825,-0.3896425
145,"Blaye+Cotes+de+Bordeaux,France",0,0
146,"Vacqueyras,France",44.1382621,4.9823958
147,"La+Rioja,Argentina",-29.4127411,-66.8558795
148,"Neszmely,Hungary",47.7357694,18.3654526
149,"Commandaria,Cyprus",0,0
150,"Yadkin+Valley,US",36.0223527,-81.4900963
151,"Atalanti+Valley,Greece",38.6740264,23.0941149
152,"Yamhill+County,US",45.2298399,-123.2180414
153,"Mavrodaphne+of+Patras,Greece",0,0
154,"Northern+Cape,South+Africa",-29.573402,21.2051361
155,"Mendocino-Amador,US",0,0
156,"Lujan+de+Cuyo,Argentina",-33.1085238,-69.0129984
157,"Marche,Italy",43.3458388,13.1415872
158,"Champagne,France",48.0168,0.33179
159,"Dunnigan+Hills,US",34.4209397,-89.8270328
160,"Carmignano,Italy",45.1496279,11.6494087
161,"Murfatlar,Romania",44.170082,28.4011750863293
162,"Cotes+de+Duras,France",0,0
163,"Coteaux+du+Layon+Chaume,France",0,0
164,"Barossa+Valley-McLaren+Vale,Australia",0,0
165,"Langenlois,Austria",48.472601,15.676295
166,"Nasco+di+Cagliari,Italy",0,0
167,"Chambolle-Musigny,France",47.1864158,4.9533347
168,"Orcia,Italy",43.0200631,11.6087078
169,"Crozes-Hermitage,France",45.0907,4.84592
170,"Nelson,New+Zealand",-41.09940685,173.42887551844
171,"Veneto,Italy",45.6476663,11.8665254
172,"Macon-Uchizy,France",46.5122378,4.8982181
173,"Szekszard,Hungary",46.3484884,18.701663
174,"Missouri,US",38.7604815,-92.5617875
175,"Primitivo+di+Manduria,Italy",0,0
176,"Valle+d'Aosta,Italy",45.730099,7.387426
177,"Langhorne+Creek-Limestone+Coast,Australia",0,0
178,"Canada,Canada",62.50633655,-102.302225371634
179,"Corton+Perrieres,France",0,0
180,"Evia,Greece",38.046701,24.3251658
181,"Coteaux+du+Languedoc-Pezenas,France",0,0
182,"Vallee+du+Paradis,France",0,0
183,"Sovana,Italy",42.6570045,11.6465486
184,"Saint-Julien,France",43.70391165,5.91347750422945
185,"Galil,Israel",32.7930976,35.0148826
186,"Pangeon,Greece",0,0
187,"Fixin,France",47.2455008,4.9728452
188,"San+Clemente,Chile",-36.1906591,-71.7513657
189,"Nebbiolo+d'Alba,Italy",44.6945665,8.0141821
190,"Tokaji,Hungary",48.1658637,21.3813824260126
191,"Orvieto+Classico+Superiore,Italy",0,0
192,"Aglianico+del+Vulture,Italy",0,0
193,"Vin+de+Pays+de+Velvendo,Greece",0,0
194,"Kangaroo+Island,Australia",-32.623053,152.195082920909
195,"Vin+de+Pays+des+Coteaux+de+Peyriac,France",0,0
196,"Danube+River+Plains,Bulgaria",0,0
197,"Vin+de+Pays+des+Cotes+de+Thongue,France",0,0
198,"Laudun,France",44.1056956,4.657231
199,"Chaume,France",47.569832,5.3511733
200,"Helderberg,South+Africa",-34.0494444,18.8344444
201,"Pouilly-Fume,France",0,0
202,"Barossa,Australia",-34.61341495,138.938545516936
203,"Serra+Gaucha,Brazil",-29.354907,-50.1726428
204,"Dolcetto+di+Dogliani,Italy",0,0
205,"Noto,Italy",36.8908864,15.0706454
206,"The+Hamptons,+Long+Island,US",0,0
207,"Germany,Germany",51.0834196,10.4234469
208,"El+Dorado+County,US",38.7574137,-120.5276129
209,"Clos+de+Tart,France",47.1956198,4.95958853929336
210,"Cyclades,Greece",36.4106263,25.4436646
211,"Colinele+Dobrogei,Romania",0,0
212,"Vin+de+Pays+des+Pyrenees+Orientales,France",0,0
213,"Western+Australia,Australia",-25.2303005,121.0187246
214,"Australia,Australia",-24.7761086,134.755
215,"Vin+de+Savoie,France",45.5002411,6.0608775
216,"Lamezia,Italy",38.9391666,16.2634823
217,"Southeastern+New+England,US",0,0
218,"Lebanon,Lebanon",33.8750629,35.843409
219,"Apremont,France",45.5132,5.95937
220,"Cilento,Italy",40.2195354,15.1771512
221,"Breedekloof,South+Africa",0,0
222,"San+Diego+County,US",32.9637838,-116.7706277
223,"California+Other,US",39.3565832,-120.1821578
224,"Liguria,Italy",44.4777617,8.7026296
225,"Attica,Greece",36.2131891,22.9858147033295
226,"Vin+de+Pays+du+Gard,France",0,0
227,"Menfi,Italy",37.606639,12.967843
228,"Vino+de+Calidad+de+Valtiendas,Spain",0,0
229,"Messinia,Greece",37.04379965,22.1133698051536
230,"Lazio,Italy",41.9808038,12.7662312
231,"Marca+Trevigiana,Italy",0,0
232,"Mantinia,Greece",36.9535613,22.1580433
233,"Samson,Israel",31.9254929,34.8702683
234,"Matra,Hungary",47.8857587,19.9507190857086
235,"Casorzo,Italy",45.0233901,8.3345031
236,"Stirling,New+Zealand",-46.2460264,169.7827317
237,"Big+Valley+District-Lake+County,US",0,0
238,"Martina,Italy",40.8290824,15.1676079
239,"Santa+Barbara+County,US",34.7136533,-119.9858232
240,"Rubicone,Italy",44.0933443,12.3960576
241,"Guerrouane,Morocco",0,0
242,"Hawke's+Bay,New+Zealand",-39.4343279,176.7652742
243,"Pemberton,Australia",-34.4441275,116.0346584
244,"Redwood+Valley,US",39.2654449,-123.2044496
245,"Macon-Davaye,France",46.2989681,4.7653692
246,"Alenquer,Portugal",39.056633,-9.0076057
247,"Irancy,France",47.7132623,3.6653566
248,"Langhorne+Creek,Australia",-35.295938,139.0364451
249,"Rockpile,US",30.7059791,-104.2149139
250,"Cotes+de+Castillon,France",0,0
251,"Valle+de+Guadalupe+and+Santo+Tomas,Mexico",0,0
252,"San+Francisco+Bay-Livermore+Valley,US",0,0
253,"Beaujolais,France",45.5906506,5.9179924
254,"Clos+Saint-Denis,France",47.1671118,4.9531946
255,"Vale+dos+Vinhedos,Brazil",-29.18157965,-51.5832778013059
256,"Jidvei,Romania",46.2224475,24.1106119
257,"Central+Valley,Chile",-18.3602663,-69.9587813
258,"Oregon,US",43.9792797,-120.737257
259,"Loire+Valley,France",45.75385355,4.0454736825511
260,"Squinzano,Italy",40.436528,18.04182
261,"Cotes+de+Provence,France",43.4366788,6.65423340680515
262,"Rheinhessen,Germany",49.9045181,8.2711082
263,"Amador+County,US",38.449089,-120.5911018
264,"Delle+Venezie,Italy",45.34851865,11.9571797053629
265,"Verdicchio+dei+Castelli+di+Jesi+Classico,Italy",0,0
266,"San+Rafael,Argentina",-34.6126025,-68.330514
267,"Coste+della+Sesia,Italy",0,0
268,"Dolcetto+d'Acqui,Italy",0,0
269,"Vin+de+Pays+des+Cotes+de+Thau,France",0,0
270,"Coteaux+du+Languedoc+Pic+Saint+Loup,France",0,0
271,"Sonoma-Napa-Lake,US",38.29501795,-122.475999659626
272,"Mazoyeres-Chambertin,France",47.2069405,4.96749330168809
273,"Griotte-Chambertin,France",47.21420335,4.96863546033135
274,"Almansa,Spain",38.8682065,-1.0978627
275,"Valpolicella,Italy",45.5296706,10.9400217
276,"Saint-Georges-Saint-Emilion,France",0,0
277,"Outer+Coastal+Plain,US",28.4010173,-82.5469092
278,"Sta.+Rita+Hills,US",14.6883714,120.9632867
279,"Rio+Claro,Chile",-37.2046363,-72.3576015
280,"Knights+Valley,US",28.0764068,-82.137586
281,"Colline+Teatine,Italy",0,0
282,"Hames+Valley,US",35.8683181,-120.8667825
283,"Napa-Mendocino-Sonoma,US",0,0
284,"Adelaide+Hills,Australia",-34.90135165,138.829320281746
285,"Baden,Germany",52.9996895,9.0801053
286,"Terre+del+Volturno,Italy",0,0
287,"Paicines,US",36.7285708,-121.2785409
288,"Piccadilly+Valley,Australia",-34.9822479,138.7262528
289,"Blanquette+de+Limoux,France",42.966765,2.1817641
290,"Monterey-Santa+Barbara-Sonoma,US",0,0
291,"Clos+de+Lambrays,France",47.19806455,4.95900207990256
292,"Castelli+Romani,Italy",44.87241305,7.30736708204931
293,"Devon+Valley,South+Africa",-26.3572222,28.7816667
294,"Priorat,Spain",41.2137983,0.811623628426715
295,"Willamette+Valley,US",45.3442868,-122.6670374
296,"Calaveras+County,US",38.2558181,-120.4981492
297,"Verdicchio+di+Matelica,Italy",43.2185295,12.9872027
298,"Umbria,Italy",42.965916,12.490236
299,"Prosecco+di+Valdobbiadene,Italy",45.8734603,12.0275133
300,"Curtefranca,Italy",0,0
301,"Curico+and+Maipo+Valleys,Chile",0,0
302,"Valpolicella+Ripasso,Italy",0,0
303,"Vino+de+la+Tierra+de+Cadiz,Spain",0,0
304,"Cote+de+Brouilly,France",46.0893824,4.6470174
305,"Cesanese+del+Piglio,Italy",0,0
306,"Vino+de+la+Tierra+del+Bajo+Aragon,Spain",0,0
307,"St.-Veran,France",44.6993395,6.8687131
308,"Vin+de+Pays+des+Collines+Rhodaniennes,France",0,0
309,"Niagara+Escarpment,Canada",43.6365799,-79.9940653
310,"Sardon+de+Duero,Spain",41.6085193,-4.4339323
311,"Romania,Romania",45.9852129,24.6859225
312,"Marin+County,US",38.0409144,-122.6199638
313,"Canterbury,New+Zealand",-43.49417615,171.809844758414
314,"Tierra+de+Castilla,Spain",41.9533522,-3.4780483
315,"Alto+Valle+de+Uco,Argentina",0,0
316,"Mavrodaphne+de+Cephalonie,Greece",0,0
317,"Eloro,Italy",36.84229325,15.1069774612447
318,"Finger+Lakes,US",39.6214952,-84.198677
319,"Nuits-St.-Georges,France",47.134979,4.9540989
320,"Moldova,Moldova",47.286747,28.5110236
321,"Pocerina,Serbia",0,0
322,"Lot,France",44.6249918,1.66577421697537
323,"Transmontanas,Portugal",0,0
324,"Murfatlar+Cernavoda,Romania",0,0
325,"Toro,Spain",41.5216963,-5.3939824
326,"Oakville,US",38.4700533,-90.3045605
327,"Vino+de+Mesa,Spain",0,0
328,"Bonnes-Mares,France",48.6264989,1.8579936
329,"Western+Connecticut+Highlands,US",41.5876342,-72.7069677815291
330,"Felso-Magyarorszag,Hungary",48.0733468,20.651781
331,"Russian+River+Valley,US",38.9028592,-123.0581113
332,"Maule+Valley,Chile",-35.5972284,-71.48868
333,"Martinborough,New+Zealand",-41.2183252,175.4594856
334,"Cannonau+di+Sardegna,Italy",0,0
335,"Kathikas,Cyprus",34.9125401,32.4257815
336,"Sudburgenland,Austria",47.3043825,16.1931341103759
337,"Castel+del+Monte,Italy",41.08474385,16.2709411940563
338,"Calchaqui+Valley,Argentina",-47.1110925,-68.2978150383634
339,"San+Benito+County,US",36.6248089,-121.1177379
340,"Coteaux+Varois,France",0,0
341,"El+Colorado,Uruguay",-34.6822337,-56.2911865
342,"Banyuls,France",42.4794084,3.1275893
343,"Tierra+Manchuela,Spain",0,0
344,"Vin+de+Pays+de+la+Mediterranee,France",0,0
345,"Donnici,Italy",39.247472,16.3045561
346,"Puglia,Italy",40.9842539,16.6210027
347,"Port,Portugal",37.0174596,-7.97391106572261
348,"La+Consulta,Argentina",-33.7366936,-69.1185092
349,"Corbieres-Boutenac,France",43.1486332,2.7942614
350,"Happy+Canyon+of+Santa+Barbara,US",0,0
351,"Coteaux+du+Giennois,France",47.6831795,2.6534443
352,"Ile+de+Beaute,France",48.1718972,2.2561863
353,"Cote+Roannaise,France",46.07327765,3.91592193732814
354,"North+Dalmatia,Croatia",44.1128312,15.2264693
355,"Lambrusco+di+Modena,Italy",44.753007,11.009671
356,"Michigan,US",43.6211955,-84.6824346
357,"Beni+M'Tir,Morocco",33.8254023,-6.0807404
358,"Amarone+della+Valpolicella+Classico,Italy",0,0
359,"Western+Cape,South+Africa",-33.546977,20.72753
360,"Savigny-les-Beaune,France",47.0628612,4.8185532
361,"Columbia+Gorge+(WA),US",45.61750365,-121.167821101119
362,"Gevrey-Chambertin,France",47.2261857,4.9705666
363,"Campania,Italy",40.860672,14.843984
364,"Venezia+Giulia,Italy",44.4783698,11.3818595
365,"Amarone+della+Valpolicella,Italy",0,0
366,"Faugeres,France",43.5647,3.19044
367,"Garda+Classico,Italy",0,0
368,"Placer+County,US",39.1012064,-120.7650606
369,"Barbera+d'Asti,Italy",0,0
370,"San+Carlos,Argentina",-46.4321345,-67.9493740503727
371,"Friuli+Isonzo,Italy",45.9160611,13.458748
372,"Corton-Bressandes,France",47.0731697,4.86823164612855
373,"Extremadura,Spain",39.1748426,-6.1529891
374,"Guenoc+Valley,US",38.792,-122.570971
375,"Siracusa,Italy",37.0646139,15.2907196
376,"Salento,Italy",40.248604,15.190058
377,"Colli+Orientali+del+Friuli,Italy",0,0
378,"Corinth,Greece",37.9386936,22.9280447
379,"Arribes+del+Duero,Spain",41.44974,2.210299
380,"Australia-New+Zealand,Australia",0,0
381,"Margaret+River,Australia",-33.9531776,115.0769369
382,"Elgin,South+Africa",-34.1486111,19.0427778
383,"Veneto,Italy",45.6476663,11.8665254
384,"Rose+d'Anjou,France",47.4920035,-0.5021085
385,"Colli+Etruria+Centrale,Italy",0,0
386,"Juanico,Uruguay",-34.5951621,-56.2537148
387,"Santa+Margarita+Ranch,US",38.7752001,-119.0048097
388,"Sliven,Bulgaria",42.6817633,26.3153528
389,"Mamertino,Italy",38.0315592,14.7725171
390,"Coteaux+du+Tricastin,France",0,0
391,"Chassagne-Montrachet,France",46.93636,4.72736
392,"Bourgogne,France",49.35551035,4.06814172020452
393,"Dolcetto+di+Monferrato,Italy",0,0
394,"Rapsani,Greece",39.9020296,22.54849
395,"Moutere,New+Zealand",-41.1515967,172.9961297
396,"Cheverny,France",47.4996989,1.4611064
397,"Saint-Chinian-Roquebrun,France",0,0
398,"Pfalz,Germany",51.90263795,10.4247685311828
399,"Penedes,Spain",41.2889874,1.5911757
400,"Prosecco,Italy",45.7083528,13.733628
401,"Auxey-Duresses,France",46.9862244,4.7467921
402,"Vi+de+la+Terra+Mallorca,Spain",0,0
403,"Colli+Tortonesi,Italy",0,0
404,"Bulgaria,Bulgaria",42.6073975,25.4856617
405,"Lenswood,Australia",-34.920215,138.8284007
406,"Napa+Valley-Paso+Robles,US",0,0
407,"Biferno+Bianco,Italy",0,0
408,"Jumilla,Spain",38.4734708,-1.3285448
409,"Vouvray,France",47.4136687,0.7998446
410,"Bordeaux+Rose,France",44.841225,-0.5800364
411,"Pitsilia+Mountains,Cyprus",0,0
412,"Santa+Barbara,US",34.4221319,-119.7026673
413,"Croatia,Croatia",45.5643442,17.0118954
414,"Reuilly,France",48.83520025,2.4451358546303
415,"Simonsberg-Stellenbosch,South+Africa",-33.883948,18.9271246
416,"Var,France",43.4173595,6.26612878539015
417,"Mendocino-Lake,US",39.3176491,-123.4126399
418,"Gers,France",43.6955276,0.410101917523799
419,"Ohio+River+Valley,US",38.7877904,-84.8101254
420,"Pedernal+Valley,Argentina",-31.9961261,-68.7644217
421,"Tarantino,Italy",40.8498824,14.2294206
422,"Bardolino+Chiaretto,Italy",0,0
423,"Meursault,France",46.9783803,4.7694038
424,"Central+Italy,Italy",42.611735,-77.2919246
425,"Alpilles,France",47.75305525,7.385015
426,"Cotes+du+Roussillon+Les+Aspres,France",0,0
427,"Macon-Verge,France",0,0
428,"Cotes+de+Bordeaux+Francs,France",0,0
429,"Aconcagua+Costa,Chile",0,0
430,"Neuquen,Argentina",-38.3695057,-69.832275
431,"Kutjevo,Croatia",45.423994,17.882287
432,"Vino+da+Mesa+de+Toledo,Spain",0,0
433,"Dao,Portugal",40.6325442,-8.65916415107717
434,"Neusiedlersee,Austria",47.8030761,16.6469619707684
435,"Bardolino,Italy",45.5475595,10.7242145
436,"Limoux,France",43.0538068,2.2176533
437,"Central+Valley,US",38,-121.4
438,"China,China",35.000074,104.999927
439,"Styria,Austria",47.2500001,15.1666665
440,"Mazis-Chambertin,France",47.2201931,4.96684212137278
441,"Malvasia+delle+Lipari,Italy",0,0
442,"Ella+Valley,Israel",32.6900085,35.4159734
443,"Jahant,US",38.205897,-121.111451
444,"Philadelphia,South+Africa",-33.666635,18.580989
445,"Breede+River+Valley,South+Africa",-33.7641013,19.5959321
446,"Aude,France",43.0542733,2.51247145749955
447,"Uco+Valley,Argentina",-34.5788471,-58.4353082
448,"Peumo,Chile",-34.3898607,-71.1718297
449,"Bizkaiko+Txakolina,Spain",43.2811054,-2.1793064
450,"Monterey-Santa+Cruz,US",8.4158023,-73.349828
451,"Cotes+du+Roussillon+Villages+Tautavel,France",0,0
452,"Cole+Ranch,US",32.020114,-102.713209
453,"Muscadet,France",46.7703522,-0.4318968
454,"Barossa-Adelaide+Hills,Australia",-35.003996,138.7164521
455,"Riviera+Ligure+di+Ponente,Italy",44.4270691,8.7868476
456,"Assisi,Italy",43.0711952,12.6146669
457,"Rias+Baixas,Spain",36.7235378,-4.42351
458,"Salice+Salentino,Italy",40.3856618,17.9637483
459,"Emilia,Italy",43.4296529,10.4822036
460,"Candia+Dei+Colli+Apuani,Italy",0,0
461,"Green+Valley,US",34.6216542,-118.4139702
462,"Kremstal,Austria",48.2771082,14.2767326
463,"Similkameen+Valley,Canada",49.45603675,-120.190751651949
464,"Sant'Antimo,Italy",40.945711,14.231429
465,"Saddle+Rock-Malibu,US",0,0
466,"Malgas,South+Africa",-33.9416681,22.4195391
467,"Irrouleguy,France",0,0
468,"Egypt,Egypt",26.2540493,29.2675469
469,"Buenos+Aires,Argentina",-34.6075616,-58.437076
470,"Clairette+de+Bellegarde,France",0,0
471,"Yountville,US",38.395445,-122.360172550506
472,"Traisental,Austria",48.1299677,15.5993819
473,"Mokelumne+River,US",38.2551307,-121.4521395
474,"Roero,Italy",46.1127081,11.3064236
475,"Puligny-Montrachet,France",46.94497,4.75393
476,"San+Juan,Argentina",-46.74517175,-67.1398301932681
477,"Corse+Porto+Vecchio,France",41.5887793,9.2840905
478,"Santorini,Greece",36.4044251,25.3958561
479,"Cotes+de+Bergerac,France",44.8411394,0.7425907
480,"Transmontano,Portugal",41.4357652,-8.2953134
481,"Currency+Creek-McLaren+Vale,Australia",0,0
482,"Maipu,Argentina",-49.147049,-72.4839249
483,"Colli+Aprutini,Italy",0,0
484,"South+Africa,South+Africa",-28.8166236,24.991639
485,"Macon-Chardonnay,France",46.5097977,4.862258
486,"Cape+Agulhas,South+Africa",-34.8332036,19.9999325
487,"Short+Hills+Bench,Canada",0,0
488,"Corton-Pougets,France",47.06938005,4.85764677703868
489,"Sonoma+County-Santa+Barbara+County,US",0,0
490,"Coda+di+Volpe+d'Irpinia,Italy",0,0
491,"Abruzzo,Italy",42.227681,13.854983
492,"Perdriel,Argentina",-33.0801379,-68.8862665
493,"Barossa+Valley,Australia",-34.61341495,138.938545516936
494,"Texas+High+Plains,US",29.6642381,-98.1444271
495,"Aglianico+del+Taburno,Italy",0,0
496,"Mornington+Peninsula,Australia",-38.243315,145.088543163317
497,"Cotes+de+Bordeaux,France",44.73110855,-0.318706385130759
498,"Beneventano,Italy",36.8100217,14.8175347
499,"Castilla+La+Mancha,Spain",39.4177902,-2.6232332
500,"Chignin,France",45.523749,6.0116094
501,"Casablanca-Curico+Valley,Chile",-35.07216595,-71.2558933215569
502,"Vino+da+Tavola,Italy",41.8988768,12.5035512
503,"Ribeira+Sacra,Spain",43.2924591,-2.9921018
504,"Switzerland,Switzerland",46.7985624,8.2319736
505,"Tarnave,Romania",46.2039175,24.5460299897841
506,"Puget+Sound,US",47.8331514,-122.4345806
507,"Garda,Italy",45.66131875,10.6851043446966
508,"Agrelo,Argentina",-33.1184629,-68.8859261
509,"Lake+County-Mendocino+County,US",0,0
510,"Ismarikos,Greece",0,0
511,"Vin+de+Pays+de+la+Haute+Vallee+de+l'Aude,France",0,0
512,"Dominio+de+Valdepusa,Spain",0,0
513,"Lake+County,US",42.3327033,-87.9939552
514,"Valdobbiadene+Superiore+di+Cartizze,Italy",0,0
515,"Isola+dei+Nuraghi,Italy",40.7092763,9.698963
516,"Dealu+Mare,Romania",45.15883225,25.4478130074207
517,"Asolo+Prosecco+Superiore,Italy",0,0
518,"Macon-Milly+Lamartine,France",46.3508165,4.700772
519,"Aude+Hauterive,France",0,0
520,"Vin+de+Pays+Vignobles+de+France,France",0,0
521,"Klein+River,South+Africa",-34.3259555,19.5681494
522,"Padthaway,Australia",-36.5860356,140.521873382282
523,"Beaujolais+Blanc,France",46.2175474,4.5203971
524,"Savennieres,France",47.3830917,-0.6570828
525,"Cochise+County,US",31.8514532,-109.8181858
526,"Napa+County-Sonoma+County,US",0,0
527,"Georgia,Georgia",41.6809707,44.0287382
528,"Zonda+Valley,Argentina",-30.3924889,-69.2099108
529,"Durbanville,South+Africa",-33.8402778,18.6494444
530,"South+Australia-Victoria,Australia",-30.5343665,135.6301212
531,"Los+Carneros,US",36.8285163,-4.4663178
532,"Piave,Italy",45.8483997,12.0472209
533,"Volnay,France",47.0016955,4.7811102
534,"San+Luis+Obispo+County,US",35.3540209,-120.3757163
535,"Calistoga,US",38.5787966,-122.5797054
536,"Monthelie,France",46.9928724,4.7658083
537,"St.-Romain,France",45.4889832,3.8949653
538,"Gladstone,New+Zealand",-41.0773358,175.658192
539,"Lugana,Italy",45.7832809,11.7906828
540,"Brda,Slovenia",46.0162019,13.5489102336195
541,"Yamhill-Carlton+District,US",45.517032,-122.674137227893
542,"Cerons,France",44.6316828,-0.3349069
543,"Cotes+de+Provence+La+Londe,France",0,0
544,"Piedmont,Italy",33.547545,-86.902243
545,"Vougeot,France",47.1772352,4.9643152
546,"Primitivo+del+Tarantino,Italy",0,0
547,"Provence,France",43.3207966,5.36842291427237
548,"St.-Amour,France",46.4358751,5.3421832
549,"Trento,Italy",46.0664228,11.1257601
550,"North+Carolina,US",35.6729639,-79.0392919
551,"Bierzo,Spain",42.61884635,-6.65184367004353
552,"Rio+Negro+Valley,Argentina",-39.6650033,-65.4144268
553,"Valle+de+Uco,Argentina",0,0
554,"Waipara+Valley,New+Zealand",-43.1052329,172.7679265
555,"Moscatel+de+Setubal,Portugal",38.63117475,-8.91336026828231
556,"Lago+di+Corbara,Italy",42.7274798,12.2545457965053
557,"Southern+Fleurieu,Australia",0,0
558,"Vin+de+Pays+de+France,France",0,0
559,"Thessalikos,Greece",0,0
560,"Polkadraai+Hills,South+Africa",0,0
561,"Mendocino+Ridge,US",39.3176491,-123.4126399
562,"Rosso+di+Montalcino,Italy",0,0
563,"Medoc,France",45.5585306,-0.498764
564,"Bucelas,Portugal",38.9016248,-9.118728
565,"Beaujolais-Leynes,France",0,0
566,"Cigales,Spain",41.7584063,-4.6990798
567,"Mittelburgenland,Austria",47.504516,16.4944302599851
568,"Pirque,Chile",-33.6348808,-70.5729961
569,"Central+Coast,US",-33.3117096,151.312067495083
570,"Barbera+d'Asti+Superiore+Nizza,Italy",0,0
571,"Valpolicella+Classico,Italy",0,0
572,"Kyoto,Japan",35.021041,135.7556075
573,"Jonkershoek+Valley,South+Africa",-33.9359931,18.8741204
574,"Ramona+Valley,US",33.035378,-116.867513220741
575,"Livermore+Valley,US",37.6820583,-121.7680531
576,"Vin+de+Pays+des+Alpilles,France",0,0
577,"Bergerac,France",44.8534568,0.487531
578,"Bordeaux+Clairet,France",0,0
579,"Southwest+France,France",46.603354,1.8883335
580,"Faro,Italy",40.7798952,14.0886704
581,"Carneros,US",33.223027,-111.705684562337
582,"Cava,Spain",42.3251075,1.6057884
583,"Eden+Valley,Australia",-34.6666979,139.129964862916
584,"Monterey+County,US",36.2231079,-121.3877428
585,"Moscato+d'Asti,Italy",0,0
586,"Monferrato,Italy",45.0630557,7.7000997
587,"Cederberg,South+Africa",-32.5016978,19.2550823
588,"Entre-Deux-Mers,France",44.8454885,-0.5328314
589,"Tikves,Macedonia",41.9940075,21.4394921
590,"Sebino,Italy",45.73895515,10.0708188102065
591,"Atlantique,France",44.183342,0.6216957
592,"Vin+de+Pays+de+Macedoine,Greece",0,0
593,"Arlanza,Spain",42.01523205,-3.72916344261697
594,"Mount+Barker+&+Margaret+River,Australia",-35.0641302,138.8586385
595,"Dolenjska,Slovenia",46.06098335,14.5263163361255
596,"Beaujolais-Villages,France",0,0
597,"Friuli+Grave,Italy",46.2116398,12.4131488
598,"Long+Island,US",36.6626521,-75.9346486
599,"Muscat+de+Beaumes+de+Venise,France",0,0
600,"High+Valley,US",31.0826699,-98.5361482
601,"Contessa+Entellina,Italy",37.7309803,13.1831444
602,"Vin+de+Pays+des+Cevennes,France",0,0
603,"Illinois,US",40.0796606,-89.4337288
604,"Brulhois,France",44.1085491,0.459414314869781
605,"Piekenierskloof,South+Africa",-32.6056264,18.9340699
606,"Pessac-Leognan,France",0,0
607,"Montagny,France",46.5319384,4.5572029
608,"Krania+Olympus,Greece",0,0
609,"Dan,Israel",33.2227869,35.6392669
610,"Negev,Israel",30.5,34.9166667
611,"Siskiyou+County,US",41.5007223,-122.544354147521
612,"Sonoma+County,US",38.5110803,-122.8473388
613,"Stellenbosch,South+Africa",-33.934444,18.869167
614,"McLaren+Vale,Australia",-35.2172617,138.5416998
615,"Tasmania,Australia",-42.035067,146.6366887
616,"Marcillac,France",45.27374695,-0.499559618050114
617,"Montepulciano+d'Abruzzo,Italy",0,0
618,"Maremma,Italy",44.2360427,8.4298691
619,"Cotes+de+Nuits+Villages,France",0,0
620,"Gioia+del+Colle,Italy",40.796728,16.92359
621,"Lake+County-Sonoma+County,US",0,0
622,"Vin+Petillant,France",0,0
623,"Haut-Medoc,France",49.3549588,6.1578459
624,"Barsac,France",44.6043291,-0.323435
625,"Fiano+di+Avellino,Italy",0,0
626,"Sudoststeiermark,Austria",46.85967165,15.850364747446
627,"Isonzo+del+Friuli,Italy",45.94521685,13.5296214237155
628,"Gundagai,Australia",-34.80940095,148.108814106774
629,"Pinto+Bandeira,Brazil",-29.0922692,-51.4551711823044
630,"Cote+de+Beaune,France",47.0178048,4.78995802261365
631,"Beechworth,Australia",-36.3594895,146.6870123
632,"Del+Veneto,Italy",45.6476663,11.8665254
633,"Douro,Portugal",41.17004195,-7.30474981173576
634,"Cahors,France",44.4495,1.4364999
635,"Coteaux+Bourguignons,France",0,0
636,"New+Mexico,US",34.5708167,-105.993007
637,"America,US",40.6792089,-85.7019246
638,"East+Coast,New+Zealand",0,0
639,"Valpolicella+Valpantena+Superiore,Italy",0,0
640,"Venezie,Italy",45.34851865,11.9571797053629
641,"South+Island,New+Zealand",-43.586562,171.212329399649
642,"Vin+de+Pays+de+Sainte-Marie+la+Blanche,France",0,0
643,"Criots-Batard-Montrachet,France",0,0
644,"Santa+Lucia+Highlands,US",0,0
645,"Austria,Austria",47.2000338,13.199959
646,"Trebbiano+d'Abruzzo,Italy",0,0
647,"Soave+Classico+Superiore,Italy",0,0
648,"Italy+Other,Italy",0,0
649,"Corton-Rognet,France",47.0754421,4.87466525600676
650,"Henty,Australia",-35.5165547,147.0340204
651,"Orvieto,Italy",42.7186152,12.1087907
652,"Clarksburg,US",39.2806451,-80.3445341
653,"Valli+di+Porto+Pino,Italy",0,0
654,"Tehama+County,US",40.1251334,-122.2015529
655,"Macon+Solutre,France",46.2969485,4.7241794
656,"Vinho+da+Mesa,Portugal",0,0
657,"Cevennes,France",48.68049515,2.17220515947867
658,"Lake+Erie,US",42.1432445,-81.2396642041535
659,"Chianti+Colli+Fiorentini,Italy",0,0
660,"King+Valley,Australia",-36.71733,146.479611704887
661,"Vipavska+Dolina,Slovenia",45.942126,13.640288
662,"Roussette+de+Savoie,France",0,0
663,"Montefalco+Sagrantino,Italy",0,0
664,"Bolgheri+Sassicaia,Italy",0,0
665,"Moscato+di+Trani,Italy",0,0
666,"Tierra+del+Vinos+de+Zamora,Spain",0,0
667,"Regnie,France",46.1384747,4.6420871
668,"Rapel+Valley-Casablanca+Valley,Chile",0,0
669,"Eastern+Bays,New+Zealand",0,0
670,"Fara,Italy",45.90802,13.5165379
671,"Wachau,Austria",48.4127894,15.566652
672,"Menetou-Salon,France",47.2315397,2.4886282
673,"Upper+Galilee,Israel",32.8616632,35.2640128
674,"Carneros-Napa+Valley,US",0,0
675,"Mitterberg,Italy",46.7031249,12.3548006
676,"Bordeaux,France",44.841225,-0.5800364
677,"Valdepenas,Spain",38.7594573,-3.3847392
678,"New+York,US",40.7127281,-74.0060152
679,"Eisenberg,Austria",47.1982294,16.411415
680,"Mount+Veeder,US",38.3793566,-122.4477575
681,"Vin+de+Pays+de+l'Ile+de+Beaute,France",0,0
682,"Ioannina,Greece",39.6639818,20.8522784
683,"Loazzolo,Italy",44.669043,8.258442
684,"Montenetto+di+Brescia,Italy",45.4569775,10.1462624991896
685,"Tupungato,Argentina",-33.3723648,-69.1479533
686,"Moravia,Czech+Republic",49.2201995,16.5189757
687,"Sainte-Foy+Bordeaux,France",0,0
688,"Santa+Cruz,Chile",-34.6403243,-71.3661297
689,"Lanzarote,Spain",29.03970805,-13.6362916086041
690,"Olifants+River,South+Africa",-25.6270251,29.237252
691,"Sonoma+County-Monterey+County-Napa+County,US",0,0
692,"Sonoita,US",31.6723455,-110.661955530574
693,"Dundee+Hills,US",39.17165575,-94.5792892201309
694,"Cotes+du+Rhone+Villages,France",45.4559451,5.5192803
695,"Templeton+Gap+District,US",0,0
696,"Minho,Portugal",41.8880387,-8.5542415
697,"Calatayud,Spain",41.3527628,-1.6422977
698,"Thermenregion,Austria",48.1426648,16.9575167
699,"Saumur,France",47.25417435,-0.0661853886972667
700,"Beaujolais+Rose,France",46.0402482,4.6350975
701,"Bardolino+Classico,Italy",0,0
702,"Chalkidiki,Greece",40.28948215,23.409392430113
703,"Central+Victoria,Australia",-11.3299555,-67.6954911
704,"Vin+de+Pays+de+Montferrand,France",0,0
705,"Barbera+d'Alba,Italy",0,0
706,"Achaia,Greece",38.0692748,21.8727304223254
707,"Cienega+Valley,US",36.7186762,-121.3543641
708,"Waiheke+Island,New+Zealand",-36.7930971,175.088401022965
709,"Gravina,Italy",37.5603691,15.0617632
710,"Hvar,Croatia",43.1739813,16.5564720701703
711,"Alexander+Valley,US",37.1801529,-89.3502834
712,"Rully,France",48.8291991,-0.71405206914335
713,"Sardinia,Italy",40.06160405,9.09775380655307
714,"Corse,France",42.18808965,9.06841377142769
715,"Codru+Region,Moldova",0,0
716,"Macon-Verze,France",46.3869887,4.7516351
717,"Clos+de+la+Roche,France",46.7966369,4.7494197
718,"Curico+Valley,Chile",-34.9853329,-71.2394072
719,"Cucamonga+Valley,US",39.7556652,9.67175329123376
720,"Ohio,US",40.2253569,-82.6881395
721,"Mendocino-Sonoma-Amador,US",0,0
722,"Clare+Valley-Eden+Valley,Australia",0,0
723,"San+Gimignano,Italy",43.4677993,11.0432115
724,"Napa-Mendocino-Santa+Clara+Counties,US",0,0
725,"Alentejano,Portugal",38.8420973,-7.5871415
726,"Yecla,Spain",38.6136138,-1.1156761
727,"Friuli,Italy",45.4548329,9.2136403
728,"Canelones,Uruguay",-34.5242373,-56.2817519
729,"Manchuela,Spain",40.9704298,-4.3796261
730,"Kakheti,Georgia",41.737352,45.6721781
731,"Beira+Atlantico,Portugal",0,0
732,"Ciro,Italy",39.381732,17.0613529
733,"Soave+Colli+Scaligeri,Italy",0,0
734,"Carignano+del+Sulcis,Italy",0,0
735,"Terrasses+du+Larzac,France",43.7152761,3.48888016925287
736,"Lemesos,Cyprus",34.79489125,32.985589384508
737,"Vin+Santo+del+Chianti+Rufina,Italy",0,0
738,"Alicante-Marina+Alta,Spain",38.8379348,0.1021294
739,"Sonoma+Coast,US",33.6917602,-117.8929972
740,"Casablanca+Valley,Chile",-33.3205864,-71.4100762
741,"Barbera+d'Asti+Superiore,Italy",0,0
742,"Vittoria+Frappato,Italy",36.9809772,14.5505655
743,"Gaillac,France",43.9016766,1.8967943
744,"New+Jersey,US",40.0757384,-74.4041622
745,"California-Oregon,US",41.209752,-122.2716101
746,"Columbia+Valley+(OR),US",0,0
747,"Vittoria,Italy",36.9514957,14.5304867
748,"Picpoul+de+Pinet,France",43.4069838,3.509504
749,"San+Jose,Uruguay",-32.8332395,-55.5302431
750,"Quebec,Canada",52.4760892,-71.8258668
751,"Mendocino+County,US",39.3176491,-123.4126399
752,"Shenandoah+Valley+(CA),US",39.6725241,-75.5911629
753,"Chinon,France",47.1667182,0.2402095
754,"Santa+Cruz+County,US",37.050096,-121.9905908
755,"Potter+Valley,US",39.3221089,-123.113059
756,"Chenas,France",46.2119329,4.7190138
757,"Andalucia,Spain",37.3399964,-4.5811614
758,"Pannon,Hungary",47.5353456,21.5643728591093
759,"Cotes+de+Bourg,France",45.8810201,5.1383614
760,"Cortese+di+Gavi,Italy",0,0
761,"Viile+Timisului,Romania",0,0
762,"Alto+Adige+Terlano,Italy",0,0
763,"Chevalier-Montrachet,France",46.9466831,4.7373286
764,"Cephalonia,Greece",38.2660243,20.5373006526308
765,"Lacrima+di+Morro+d'Alba,Italy",0,0
766,"Gerania,Greece",40.0113483,22.1352342
767,"Todi,Italy",42.7824434,12.4062554
768,"Emporada-Costa+Brava,Spain",0,0
769,"Cerasuolo+di+Vittoria+Classico,Italy",0,0
770,"Chardonnay+di+Toscana,Italy",0,0
771,"Cerasuolo+d'Abruzzo,Italy",0,0
772,"Lussac+Saint-Emilion,France",0,0
773,"Molise,Italy",41.684672,14.595614
774,"South+Coast,US",32.7469891,-117.2516124
775,"Breganze,Italy",45.7081441,11.5647668
776,"Saint-Nicolas-de-Bourgueil,France",47.2843794,0.1256895
777,"La+Romanee,France",47.4013892,4.1072943
778,"Columbia+Valley,US",34.0007493,-81.0343313
779,"Sonoma-Napa-Mendocino,US",0,0
780,"Altos+de+Mendoza,Argentina",-32.9451452,-60.7279173
781,"Est!+Est!!+Est!!!+di+Montefiascone,Italy",42.5364691,12.0276094
782,"Santa+Cruz+Mountains,US",37.2191111,-122.0713502
783,"Vigneti+delle+Dolomiti,Italy",0,0
784,"Provincia+di+Pavia,Italy",45.03685465,9.13782508282603
785,"Central+Ranges,Australia",-41.1499965,147.067185752919
786,"Conca+de+Barbera,Spain",41.44389565,1.18851133230426
787,"Monica+di+Sardegna,Italy",40.8049481,8.56990969870869
788,"Moscato+di+Noto,Italy",0,0
789,"Touraine+Mesland,France",47.5077338,1.1220406
790,"Napa-Monterey-Mendocino,US",0,0
791,"Clairette+de+Die+Methode+Dioise+Ancestrale,France",0,0
792,"California,US",36.7014631,-118.7559974
793,"Arroyo+Grande+Valley,US",35.1185869,-120.5907252
794,"Cremant+de+Loire,France",0,0
795,"Sonoma-Napa,US",38.29331315,-122.469385870353
796,"Terre+di+Chieti,Italy",0,0
797,"Premieres+Cotes+de+Bordeaux,France",0,0
798,"Francs+Cotes+de+Bordeaux,France",0,0
799,"Galluccio,Italy",41.352318,13.953717
800,"Hrvatsko+Primorje,Croatia",45.5305976,14.7033187
801,"Lake+County-Mendocino+County,US",0,0
802,"Vin+de+Pays+des+Coteaux+de+Murviel,France",0,0
803,"Aglianico+d'Irpinia,Italy",0,0
804,"Corinthia,Greece",37.96299085,22.7333423672362
805,"Langhe,Italy",44.0648317,7.7882552
806,"Veneto+Orientale,Italy",45.5154895,12.6765329
807,"Donauland,Austria",47.7095043,16.0211773
808,"Cole+Ranch,US",32.020114,-102.713209
809,"Montlouis-sur-Loire,France",47.3881023,0.8269289
810,"Prosecco+di+Valdobbiadene+Superiore,Italy",0,0
811,"Falanghina+del+Molise,Italy",0,0
812,"Conero+Riserva,Italy",0,0
813,"Southeastern+New+England,US",0,0
814,"Monterey+County-Napa+County,US",0,0
815,"Pyrenees,Australia",-37.32798315,143.424056053876
816,"Vin+de+Pays+des+Cotes+Catalanes,France",0,0
817,"Chapelle-Chambertin,France",47.21640375,4.97098837167021
818,"Mount+Athos,Greece",40.1584206,24.3272583
819,"Pavia,Italy",45.1860043,9.1546375
820,"San+Martino+della+Battaglia,Italy",45.4386066,10.5979325
821,"Crete,Greece",35.2788061,24.9342885396631
822,"Sforzato+di+Valtellina,Italy",0,0
823,"Falanghina+del+Beneventano,Italy",0,0
824,"Cotes+de+Thau,France",0,0
825,"Wurttemberg,Germany",52.1176879,11.638457
826,"Neuchatel,Switzerland",46.9895828,6.9292641
827,"Vin+de+Pays+de+la+Vallee+de+l'Aude,France",0,0
828,"Tavel,France",44.0119,4.69927
829,"Etna,Italy",37.7510251,14.9940321
830,"Terre+Siciliane,Italy",0,0
831,"Bekaa+Valley,Lebanon",33.6810179,35.841698819034
832,"Pecharmant,France",48.8916709,2.2540698
833,"Mount+Harlan,US",36.6974604,-121.405214
834,"Alto+Valle+del+Rio+Negro,Argentina",0,0
835,"Ankara,Turkey",39.9207456,32.8540905
836,"South+Styria,Austria",47.065556,15.4518867
837,"Bordeaux+Superieur,France",44.791815,-0.6577001
838,"Hilltops,Australia",-34.41561915,148.563425713242
839,"Orange,Australia",-33.32924175,149.10814660899
840,"Texas,US",31.8160381,-99.5120986
841,"Montepulciano+d'Abruzzo+Colline+Teramane,Italy",0,0
842,"Sagrada+Familia,Chile",-34.9990365,-71.3817116
843,"Montrachet,France",46.9455125,4.7384962
844,"Vin+de+Pays+de+la+Haute+Vallee+du+Gassac,France",0,0
845,"Santa+Barbara+County-Condrieu,US-France",0,0
846,"Castillon+Cotes+de+Bordeaux,France",0,0
847,"Hudson+River+Region,US",0,0
848,"Slovenia,Slovenia",45.8133113,14.4808369
849,"Casablanca+&+Leyda+Valleys,Chile",33.5950627,-7.6187768
850,"Saint-Bris,France",46.2331191,5.3544518
851,"Wairau+Valley,New+Zealand",-41.5635411,173.5314071
852,"Chateaumeillant,France",46.5608687,2.1962014
853,"San+Lucas,US",36.1275705,-121.021083179612
854,"Ribera+del+Guadiana,Spain",0,0
855,"Judean+Hills,Israel",0,0
856,"Alicante,Spain",38.353738,-0.4901846
857,"Fiddletown,US",38.5037966,-120.7554891
858,"Grand+River+Valley,US",43.6881371,-89.0494254
859,"Friuli+Colli+Orientali,Italy",0,0
860,"Forli,Italy",44.2226017,12.0409384
861,"York+Mountain,US",35.546083,-120.8332336
862,"Obidos,Portugal",39.3680634,-9.18730436558122
863,"Peza,Greece",35.2182804,25.1921764
864,"Mirdite,Albania",41.85941065,20.0181336666607
865,"Bandol,France",43.1357717,5.7523647
866,"Cremant+d'Alsace,France",0,0
867,"Ribera+del+Duero,Spain",41.6757169,-3.7157914886541
868,"Canon-Fronsac,France",0,0
869,"Barbera+del+Monferrato,Italy",0,0
870,"Colchagua+Costa,Chile",0,0
871,"Lirac,France",44.0372,4.69136
872,"Northern+Spain,Spain",10.691262,-61.5543459304671
873,"Custoza+Superiore,Italy",38.2217528,15.6344488
874,"Vin+de+Pays+des+Coteaux+de+L'Ardeche,France",0,0
875,"Chalk+Hill,US",34.1650086,-118.5795265
876,"Franciacorta,Italy",45.61244435,10.0532813318604
877,"Carmel+Valley,US",36.4796839,-121.7324476
878,"Moulin-a-Vent,France",46.2029456,4.72741812642045
879,"Lake+Chelan,US",48.07858615,-120.475713837271
880,"Imathia,Greece",40.51703795,22.1807197265239
881,"Pla+de+Bages,Spain",41.77857805,1.89034342891345
882,"Haut-Judee,Israel",0,0
883,"Brazil,Brazil",-10.3333333,-53.2
884,"Serra+do+Sudeste,Brazil",0,0
885,"Rhein-Mosel,Germany",50.2543216,7.46444097950411
886,"Napa-Amador,US",0,0
887,"Marlborough+&+Hawkes+Bay,New+Zealand",-41.47447475,173.833026257761
888,"Saint-Amour,France",46.4358751,5.3421832
889,"Cortona,Italy",43.2752976,11.9850623
890,"Ladoix,France",47.0668663,4.8872591
891,"Alta+Valle+della+Greve,Italy",0,0
892,"Cotes+du+Tarn,France",44.2365873,1.7689625
893,"Cote+de+Nuits-Villages,France",0,0
894,"Verdicchio+dei+Castelli+di+Jesi,Italy",0,0
895,"Tuscany,Italy",43.4586541,11.1389204
896,"Solano+County+Green+Valley,US",38.2529705,-122.1621917
897,"Santa+Clara+County,US",37.2333253,-121.6846349
898,"Chelan+County,US",47.8012197,-120.6276904
899,"Amador-Napa,US",0,0
900,"Monti+Lessini,Italy",45.6942819,10.9755218
901,"Savuto,Italy",39.0647986,16.1649047
902,"Moselle+VDQS,France",0,0
903,"Anderson+Valley,US",38.198077,-95.3067461
904,"Bolgheri,Italy",43.2340065,10.6179334
905,"Colli+Bolognesi,Italy",43.0690597,13.1492771
906,"Nemea,Greece",37.82133,22.6622062
907,"Algarve,Portugal",37.2454248,-8.15092527307923
908,"Sangiovese+di+Romagna,Italy",44.1013323,11.9623423
909,"Coteaux+du+Layon+Saint+Aubin,France",0,0
910,"Oltrepo+Pavese,Italy",0,0
911,"Vin+Santo+del+Chianti+Classico,Italy",0,0
912,"Monemvasia,Greece",36.688463,23.0516857
913,"Geographe,Australia",-33.64019,115.3748
914,"Coteaux+du+Languedoc,France",43.2069251,3.0770387
915,"Vin+de+Table+Francais,France",0,0
916,"Pommard,France",47.0087919,4.7962295
917,"Tunisia,Tunisia",33.8439408,9.400138
918,"Red+Hills+Lake+County,US",31.473003,-93.831742
919,"Landes,France",44.00996945,-0.643387235446738
920,"Currency+Creek,Australia",-33.5146115,150.8666465
921,"Beiras,Portugal",40.81075705,-7.49252433159001
922,"Limari+Valley,Chile",-30.6382918,-71.283904
923,"Navarra,Spain",42.61254875,-1.83078768299155
924,"Darlington+Point,Australia",-34.5659957,146.0002828
925,"Adelaide+Plains,Australia",-34.51260725,138.443828279495
926,"Maranges,France",46.9110621,4.655791
927,"Pays+de+Loire,France",47.6594864,-0.8186143
928,"McDowell+Valley,US",37.3660757,-81.6478197
929,"Brouilly,France",46.0672017,4.5998139
930,"Cerasuolo+di+Vittoria,Italy",36.9727671,14.5519145
931,"Clare+Valley,Australia",-33.8333914,138.6120042
932,"Minervois,France",43.3126281,2.6608686
933,"Grand+Valley,US",41.7211706,-79.5375503
934,"Alta+Mesa,US",37.398829,-122.1346859
935,"Cremant+de+Bordeaux,France",0,0
936,"Monterey+County-Napa+County-Sonoma+County,US",0,0
937,"Sopron,Hungary",47.6803063,16.5983457
938,"Zitsa,Greece",39.7525193,20.6490235
939,"Armenia,Armenia",40.7696272,44.6736646
940,"Horse+Heaven+Hills,US",0,0
941,"Italy,Italy",42.6384261,12.674297
942,"Istria,Croatia",45.18937235,13.9181961362664
943,"Friuli+Aquileia,Italy",46.05472,13.251754
944,"Arcadia,Greece",37.4293371,22.4073331708458
945,"Colli+di+Faenza,Italy",0,0
946,"Vin+de+Pays+des+Cotes+de+Gascogne,France",0,0
947,"Strathbogie+Ranges-Mornington+Peninsula,Australia",0,0
948,"Colli+di+Rimini,Italy",44.0968837,12.52303
949,"Cremant+de+Die,France",48.24385095,7.39187905
950,"Barbaresco,Italy",44.7254469,8.0806959
951,"Marlborough,New+Zealand",-41.47447475,173.833026257761
952,"Lake+Michigan+Shore,US",42.764927,-83.497657
953,"Terra+degli+Osci,Italy",0,0
954,"Lacryma+Christi+del+Vesuvio,Italy",0,0
955,"Dogliani,Italy",44.5307822,7.9472329
956,"Verdicchio+dei+Castelli+di+Jesi+Classico+Superiore,Italy",0,0
957,"Puente+Alto,Chile",-33.6095279,-70.5754736
958,"Central+Greece,Greece",37.6351274,22.7287475
959,"Colline+Lucchesi,Italy",0,0
960,"Ventura+County,US",34.4458248,-119.0779359
961,"Maipo+Valley-Colchagua+Valley,Chile",0,0
962,"Cabardes,France",43.3488334,2.3973401
963,"Aleatico+dell'Elba,Italy",0,0
964,"Listrac,France",45.0736769,-0.7905774
965,"Opuntia+Locris,Greece",0,0
966,"Madiran,France",43.5502022,-0.0580853
967,"Clarendon,Australia",-41.62808,147.28384
968,"Fronsac,France",44.9229141,-0.2740925
969,"Offida+Pecorino,Italy",0,0
970,"Villany,Hungary",45.8697644,18.4555208
971,"Valpolicella+Ripasso+Valpantena,Italy",0,0
972,"Asprinio+di+Aversa,Italy",0,0
973,"Tuolumne+County,US",38.056944,-119.9919351
974,"Simonsberg-Paarl,South+Africa",0,0
975,"Biferno+Rosso,Italy",0,0
976,"Montello+e+Colli+Asolani,Italy",0,0
977,"Chianti+Montalbano,Italy",0,0
978,"Alentejo,Portugal",38.49104545,-8.02734298589458
979,"Galatina,Italy",40.1742781,18.1678388
980,"Bourgogne+Aligote,France",0,0
981,"Grands-Echezeaux,France",47.1713647,4.9538051
982,"Napa+County-Sonoma+County-San+Joaquin+County,US",0,0
983,"Cotes+de+Montravel,France",0,0
984,"Vino+de+la+Tierra+Ribera+del+Jiloca,Spain",0,0
985,"Alto+Adige,Italy",46.65594215,11.2296372641695
986,"Pomerol,France",44.9311234,-0.1999904
987,"Contea+di+Sclafani,Italy",0,0
988,"Alcamo,Italy",37.9766497,12.9626735
989,"Rasteau,France",44.2298319,4.9856444
990,"Gavi+di+Gavi,Italy",44.687649,8.809353
991,"Primorska,Slovenia",46.06098335,14.5263163361255
992,"Gaillac+Doux,France",0,0
993,"Corton+Les+Renardes,France",0,0
994,"Pisatis,Greece",0,0
995,"Blanc+Fume+de+Pouilly,France",0,0
996,"Sebes,Romania",45.9591058,23.5699265
997,"Napa-Sonoma,US",38.29501795,-122.475999659626
998,"Monferrato+Bianco,Italy",45.0881742,8.0793353
999,"Columbia+Valley+(WA),US",46.2947665,-117.9174697
1000,"Burgenland,Austria",47.5000001,16.4166666
1001,"Shomron,Israel",31.7818405,35.2145346
1002,"Middleburg,US",38.9690189,-77.7355056
1003,"Cotes+du+Roussillon,France",45.3709391,4.81289113336303
1004,"Bourgogne+Epineuil,France",47.8742306,3.9810488
1005,"Zenata,Morocco",33.60377995,-7.38267569746808
1006,"Malibu-Newton+Canyon,US",0,0
1007,"Augusta,US",33.4709714,-81.9748429
1008,"Alghero,Italy",40.5600205,8.3151473
1009,"Lake+Erie+North+Shore,Canada",0,0
1010,"Vin+de+Pays+de+L'Aude,France",0,0
1011,"Chalone,US",36.4980863,-121.2031071
1012,"Savennieres-Roche-Aux-Moines,France",0,0
1013,"Chianti+Colli+Pisani,Italy",0,0
1014,"Kras,Slovenia",45.7747824,14.2126635936246
1015,"Zupa,Serbia",42.9743423,20.3678711034884
1016,"Quarts+de+Chaume,France",0,0
1017,"Famatina+Valley,Argentina",-28.9250648,-67.519583
1018,"Controguerra,Italy",42.8557157,13.8193355
1019,"Barossa-Langhorne+Creek,Australia",0,0
1020,"San+Luis+Obispo-Sonoma-Monterey,US",0,0
1021,"Corton+Les+Lolieres,France",0,0
1022,"Central+Otago-Marlborough,New+Zealand",0,0
1023,"Mercurey,France",46.8364292,4.716996
1024,"Cotes+de+Gascogne,France",0,0
1025,"Vermentino+di+Sardegna,Italy",40.7752504,9.1556518
1026,"Requinoa,Chile",-34.2848171,-70.8174816
1027,"Clare+Valley-Coonawarra,Australia",0,0
1028,"Ceres+Plateau,South+Africa",0,0
1029,"Idaho,US",43.6447642,-114.0154071
1030,"Diamond+Mountain+District,US",0,0
1031,"Old+Mission+Peninsula,US",44.9576705,-85.5155287
1032,"San+Antonio,Chile",-33.5808615,-71.6132377
1033,"Montefalco+Rosso,Italy",0,0
1034,"Vin+de+Pays+du+Val+de+Cesse,France",0,0
1035,"Vin+Santo+del+Chianti,Italy",0,0
1036,"Cyprus,Cyprus",34.9823018,33.1451285
1037,"Riverland,Australia",-37.818726,144.96849
1038,"Panciu,Romania",45.9070912,27.0898993
1039,"Saussignac,France",44.8014957,0.3264929
1040,"Argentina,Argentina",-34.9964963,-64.9672817
1041,"Ballard+Canyon,US",33.7293637,-117.7793546
1042,"Prosecco+Superiore+di+Cartizze,Italy",0,0
1043,"Greco+di+Tufo,Italy",0,0
1044,"Muscat+of+Patras,Greece",0,0
1045,"Comte+Toulosan,France",0,0
1046,"Apulia,Italy",40.9842539,16.6210027
1047,"Alpine+Valleys,Australia",-36.2199595,148.1235462
1048,"Spanish+Islands,Spain",28.1188894,-15.42985
1049,"Pago+de+Arinzano,Spain",0,0
1050,"Languedoc,France",48.116066,-1.7055897
1051,"Chablis,France",47.8152073,3.8001657
1052,"Premieres+Cotes+de+Blaye,France",0,0
1053,"Israel,Israel",30.8760272,35.0015196
1054,"Patrimonio,France",42.7007387,9.3645244
1055,"Touraine,France",45.171258,5.76631985695187
1056,"Clairette+de+Die,France",49.4643175,1.0421717
1057,"Terrazze+Retiche+di+Sondrio,Italy",0,0
1058,"Mendocino-Amador-Napa,US",0,0
1059,"Maremma+Toscana,Italy",43.7697164,11.2612205
1060,"Cotes+de+Provence+Sainte-Victoire,France",0,0
1061,"Condrieu,France",45.4624294,4.7676199
1062,"Terra+Alta,Spain",41.0273523,0.410599737519044
1063,"Listrac-Medoc,France",45.0736769,-0.7905774
1064,"Bourgogne+Hautes+Cotes+de+Beaune,France",0,0
1065,"Recioto+della+Valpolicella,Italy",45.5264025,10.9410042
1066,"Ardeche,France",44.815194,4.3986524702344
1067,"Savennieres-Coulee+de+Serrant,France",0,0
1068,"Charentais,France",47.2725916,0.8223418
1069,"Ribatejo,Portugal",38.99143565,-8.98665021369602
1070,"Taburno,Italy",41.131518,14.645935
1071,"Loncomilla+Valley,Chile",-28.5256367,-70.869904
1072,"Arizona,US",34.395342,-111.7632755
1073,"Gard,France",43.95995,4.29763700237717
1074,"Potter+Valley,US",39.3221089,-123.113059
1075,"Offida+Rosso,Italy",0,0
1076,"Saumur-Champigny,France",47.2345894,-0.0003999
1077,"Amarone+della+Valpolicella+Valpantena,Italy",0,0
1078,"Rosso+del+Salento,Italy",0,0
1079,"Sonoma+County-San+Joaquin+County,US",0,0
1080,"Bourgogne+Vezelay,France",47.4645305,3.7443434
1081,"Red+Mountain,US",35.3582967,-117.6167261
1082,"Saint-Veran,France",44.6993395,6.8687131
1083,"Cremant+de+Bourgogne,France",0,0
1084,"Saint-Aubin,France",49.5114,3.18881
1085,"Muscadet+Sevre+et+Maine,France",0,0
1086,"Minervois+La+Liviniere,France",43.36165855,2.61180373879837
1087,"Marchigue,Chile",-34.400088,-71.6182815
1088,"Muscadet+Cotes+de+Grandlieu,France",0,0
1089,"Chianti+Colli+Aretini,Italy",0,0
1090,"Vino+Tierra+de+Leon,Spain",0,0
1091,"Napa-Sonoma-Monterey,US",0,0
1092,"Vin+de+Pays+de+Hauterive,France",0,0
1093,"Oak+Knoll+District,US",34.1149663,-118.1556839
1094,"Corton,France",46.9898792,4.8750771
1095,"France,France",46.603354,1.8883335
1096,"Idaho,US",43.6447642,-114.0154071
1097,"Romagna,Italy",44.13497265,11.8473191022401
1098,"Shenandoah+Valley,US",39.6725241,-75.5911629
1099,"Wairarapa,New+Zealand",-41.23617985,175.219690191018
1100,"Pomino,Italy",45.7631842,9.4718307
1101,"South+Australia,Australia",-30.5343665,135.6301212
1102,"Cabernet+de+Saumur,France",47.238395,-0.1194553
1103,"Hawaii,US",21.2160437,-157.975203
1104,"Torres+Vedras,Portugal",39.0930856,-9.260741
1105,"Targovishte,Bulgaria",43.251196,26.5727944
1106,"Mendocino+County,US",39.3176491,-123.4126399
1107,"Southern+Oregon,US",42.18664255,-122.696830549056
1108,"Lambrusco+Reggiano,Italy",0,0
1109,"Black+Sea+Coastal,Bulgaria",0,0
1110,"Chiles+Valley,US",38.679733,-94.7616256
1111,"Cotes+du+Luberon,France",0,0
1112,"Dry+Creek+Valley,US",49.2318525,-124.7647323
1113,"Rogue+Valley,US",43.8251416,-91.2074309
1114,"Bergerac+Sec,France",44.8534568,0.487531
1115,"Marsala,Italy",37.7979221,12.4342091
1116,"Fitou,France",42.8946178,2.9825507
1117,"Malleco,Chile",-37.7958476,-72.6515579
1118,"Campanha,Brazil",-21.8361108,-45.401986
1119,"Moscatel+do+Douro,Portugal",0,0
1120,"Samos,Greece",37.7579286,26.9746631
1121,"Ghemme,Italy",45.5983455,8.4209035
1122,"Cahul,Moldova",45.9082907,28.1943686
1123,"Thraki,Greece",40.85183135,25.8122355249569
1124,"North+Yuba,US",39.2839755,-121.3556818
1125,"Aigialias+Slopes,Greece",0,0
1126,"Ticino,Switzerland",46.3356506,8.753706
1127,"Gutturnio+Classico+Superiore,Italy",0,0
1128,"Bellarine+Peninsula,Australia",-38.1646794,144.3675677
1129,"Pauillac,France",45.1995626,-0.7484994
1130,"Naoussa,Greece",40.6306023,22.0695972
1131,"Paarl,South+Africa",-33.741667,18.975
1132,"Mendocino+Ridge,US",39.3176491,-123.4126399
1133,"Wrattonbully,Australia",-37.1677831,140.9458691
1134,"Recioto+di+Soave+Classico,Italy",0,0
1135,"Douro+Superior,Portugal",40.92417855,-8.54479822541209
1136,"Cornas,France",44.963521,4.847545
1137,"Mendocino,US",39.3176491,-123.4126399
1138,"Adelaide,Australia",-34.9281805,138.5999312
1139,"Ventoux,France",45.014606,2.0160796
1140,"Solano+County,US",38.2218938,-121.9163555
1141,"Val+di+Cornia+Suvereto,Italy",43.0611964,10.6636293
1142,"Ahr,Germany",50.4712499,6.9486175
1143,"Stajerska,Slovenia",46.368163,14.56734
1144,"Markopoulo,Greece",37.8828919,23.932256
1145,"Vanju+Mare,Romania",44.4250326,22.8712672
1146,"Osterreichischer+Perlwein,Austria",0,0
1147,"Cotes+de+Frontonnais,France",0,0
1148,"Epanomi,Greece",40.4280217,22.928308
1149,"Vale+Trentino,Brazil",-21.1849387,-46.9857309
1150,"Bordeaux+Cotes+de+Francs,France",0,0
1151,"Napa+County-Sonoma+County-Lake+County,US",0,0
1152,"Meursault-Blagny,France",0,0
1153,"Prince+Edward+County,Canada",43.9869336,-77.0708070844454
1154,"Olevano+Romano,Italy",41.860621,13.03309
1155,"Saint-Emilion,France",44.8931452,-0.1560662
1156,"Monticello,US",38.01032755,-78.4523439044681
1157,"Echezeaux,France",47.1668909,4.9816856
1158,"Mentrida,Spain",40.2379032,-4.1945535
1159,"Neusiedlersee-Hugelland,Austria",0,0
1160,"Estremadura,Portugal",39.5493629,-8.9798683
1161,"Pouilly-Vinzelles,France",46.279805,4.7816133
1162,"Bourgogne+Gamay,France",46.9570394,4.7220264
1163,"Macon-Bussieres,France",46.3338446,4.692127
1164,"Yarra+Valley-Heathcote,Australia",0,0
1165,"Cote+de+Beaune-Villages,France",0,0
1166,"Vin+de+Pays+du+Comte+Tolosan,France",0,0
1167,"Lugana+Superiore,Italy",45.4439611,10.6236036
1168,"Beaune,France",47.0239064,4.8380426
1169,"Saint-Romain,France",45.4889832,3.8949653
1170,"Anjou,France",46.564187,5.3193257
1171,"San+Francisco+Bay,US",37.71402905,-122.307794151799
1172,"Macon-Pierreclos,France",46.3338446,4.692127
1173,"Rutherford,US",35.3994626,-81.9023191
1174,"Pacherenc+du+Vic+Bilh,France",0,0
1175,"Veronese,Italy",45.1123339,7.6597528
1176,"Montecucco,Italy",45.6256837,10.5596436
1177,"Coteaux+du+Vendomois,France",0,0
1178,"Overberg,South+Africa",-33.9097432,18.8485064
1179,"Languedoc-Roussillon,France",43.65420305,3.67466994020661
1180,"Rattlesnake+Hills,US",45.0644539,-84.2652871
1181,"Taurasi,Italy",41.008718,14.958644
1182,"Tejo,Portugal",38.7372778,-9.1305819
1183,"Utiel-Requena,Spain",39.5680838,-1.2051778
1184,"Valle+de+Guadalupe,Mexico",21.0426533,-102.67986462733
1185,"Valtellina+Superiore,Italy",46.1580776,10.0411141
1186,"Saint-Mont,France",43.6522222,-0.1491667
1187,"Marsannay,France",47.2799577,5.0064695
1188,"Chianti+Superiore,Italy",0,0
1189,"Macon-Loche,France",46.2829122,4.7788492
1190,"Valpolicella+Ripasso+Classico,Italy",0,0
1191,"Tradouw,South+Africa",-33.9756043,20.7018685
1192,"Bot+River,South+Africa",-34.2136556,19.2113921
1193,"Frascati,Italy",41.8082452,12.6803684
1194,"Napa-Sonoma-Lake,US",0,0
1195,"Southern+Flinders+Ranges,Australia",0,0
1196,"Val+di+Neto,Italy",39.18473465,17.1070344956561
1197,"Osterreichischer+Sekt,Austria",0,0
1198,"Madera,US",37.1716264,-119.7737991
1199,"Emporda,Spain",42.28984785,2.97545249011373
1200,"Barco+Reale+di+Carmignano,Italy",43.8139111,11.019155
1201,"Coteaux+du+Layon+La+Faye,France",47.2929454,-0.5232988
1202,"El+Dorado,US",38.7574137,-120.5276129
1203,"Coonawarra,Australia",-12.4311074,130.9145236
1204,"Chiroubles,France",46.1811005,4.6652111
1205,"Morgon,France",45.9844168,4.6618268
1206,"Gigondas,France",44.1641127,5.0051053
1207,"Pouilly-sur-Loire,France",47.281542,2.9583419
1208,"Leelanau+Peninsula,US",0,0
1209,"Puisseguin+Saint-Emilion,France",0,0
1210,"Valais,Switzerland",46.2303063,7.6605757
1211,"Alto+Adige+Valle+Isarco,Italy",46.7212183,11.6536661
1212,"El+Pomar+District,US",39.8724467,-7.7374145
1213,"Virginia's+Eastern+Shore,US",0,0
1214,"Savoie,France",45.49489515,6.38466038137565
1215,"Peljesac,Croatia",42.9045622,17.4751686815479
1216,"Lombardy,Italy",45.6209,9.768893
1217,"Terasele+Dunarii,Romania",0,0
1218,"Cape+Peninsula,South+Africa",-34.2148808,18.4109938
1219,"Campi+Flegrei,Italy",40.8274575,14.1402297
1220,"Vin+de+Pays+du+Jardin+de+la+France,France",0,0
1221,"San+Antonio+de+las+Minas+Valley,Mexico",32.6181234,-115.5690195
1222,"St.+Helena,US",38.5052288,-122.4700424
1223,"Dolcetto+d'Alba,Italy",0,0
1224,"Tehema+Foothills,US",0,0
1225,"Red+Hills+Lake+County,US",31.473003,-93.831742
1226,"New+South+Wales,Australia",-31.8759835,147.2869493
1227,"Buin,Chile",-33.7319741,-70.7419619
1228,"Latricieres-Chambertin,France",47.20799895,4.96388969477418
1229,"Stanislaus+County,US",37.5500871,-121.0501425
1230,"Geelong,Australia",-38.1492813,144.3598269
1231,"Coastal+Region,South+Africa",0,0
1232,"Fruska+Gora,Serbia",44.8420413,20.4135417
1233,"Colli+Trevigiani,Italy",0,0
1234,"Barbera+del+Monferrato+Superiore,Italy",0,0
1235,"Cotes+du+Jura,France",46.6585868,6.0869852
1236,"Roccamonfina,Italy",41.288217,13.983119
1237,"Tras-os-Montes,Portugal",41.59298595,-6.72882692328959
1238,"Gambellara+Classico,Italy",0,0
1239,"Teroldego+Rotaliano,Italy",0,0
1240,"Sterea+Ellada,Greece",39.0440337,22.4219673248115
1241,"Mendoza,Argentina",-32.8897294,-68.8442956
1242,"Mendocino,US",39.3176491,-123.4126399
1243,"Colli+della+Toscana+Centrale,Italy",0,0
1244,"Lutzville+Valley,South+Africa",-31.5591667,18.3438889
1245,"Sonoma-Napa-Monterey,US",0,0
1246,"Coteaux+Champenois,France",0,0
1247,"Malaga,Spain",36.7213028,-4.4216366
1248,"Malibu+Coast,US",34.03393525,-118.678966401471
1249,"Barossa+Valley-Clare+Valley,Australia",0,0
1250,"Sant'+Agata+dei+Goti,Italy",0,0
1251,"Ucles,Spain",39.9804328,-2.8615799
1252,"Hemel+en+Aarde,South+Africa",-34.4115921,19.2061776816125
1253,"Korcula,Croatia",42.9437813,16.9134763141729
1254,"Agioritikos,Greece",0,0
1255,"Asti,Italy",44.900542,8.2068876
1256,"Vin+de+Pays+d'Oc,France",0,0
1257,"Vienna,Austria",48.2083537,16.3725042
1258,"Vin+de+Pays+des+Portes+de+Mediterranee,France",0,0
1259,"Colline+Pescaresi,Italy",0,0
1260,"Leyda+Valley-Maipo+Valley,Chile",0,0
1261,"Moon+Mountain+District+Sonoma+County,US",0,0
1262,"Charmes-Chambertin,France",47.2069405,4.96749330168809
1263,"Chateau-Chalon,France",46.7547194,5.6269716
1264,"Great+Southern,Australia",-37.82033745,144.984646822876
1265,"Jerez,Spain",36.6816936,-6.1377402
1266,"Irpinia,Italy",41.06739675,15.1011717674394
1267,"Anderson+Valley,US",38.198077,-95.3067461
1268,"Valdobbiadene+Prosecco+Superiore,Italy",0,0
1269,"Montilla-Moriles,Spain",37.4223981,-6.141708
1270,"Fair+Play,US",38.5935173,-120.6604855
1271,"Vin+de+Pays+des+Maures,France",0,0
1272,"Bourgogne+Cotes+d'Auxerre,France",0,0
1273,"Manzanilla-Sanlucar+de+Barrameda,Spain",36.7890461,-6.3462744
1274,"Oregon+Other,US",45.5625404,-122.6665296
1275,"Conegliano+Valdobbiadene+Prosecco+Superiore,Italy",0,0
1276,"England,England",48.428501,12.056571
1277,"Cotes+du+Marmandais,France",0,0
1278,"Mendoza+Province,Argentina",-32.9400237,-60.7034888
1279,"Vernaccia+di+San+Gimignano,Italy",0,0
1280,"Umpqua+Valley,US",43.3646201,-123.4707511
1281,"Mosel,Germany",49.7261485,6.6205705
1282,"Mosel-Saar-Ruwer,Germany",0,0
1283,"Awatere+Valley,New+Zealand",-41.8529115,173.6964424
1284,"Terras+da+Beira,Portugal",0,0
1285,"Macon,France",46.3036683,4.8322266
1286,"Beaumes-de-Venise,France",44.1218644,5.0301694
1287,"McMinnville,US",45.2100367,-123.194463
1288,"Sierra+Foothills,US",33.58458185,-111.808976766922
1289,"Lalande+de+Pomerol,France",44.9560756,-0.2104434
1290,"Civitella+d'Agliano,Italy",42.6053622,12.1876584
1291,"Vire-Clesse,France",46.44937835,4.84366845757211
1292,"Dogliani+Superiore,Italy",0,0
1293,"British+Columbia,Canada",55.001251,-125.002441
1294,"Musigny,France",47.163835,4.5172082
1295,"Colli+Pesaresi,Italy",0,0
1296,"Dolcetto+d'Alba+Superiore,Italy",0,0
1297,"Prosecco+di+Conegliano,Italy",0,0
1298,"Vinho+Verde,Portugal",41.0674998,-8.23726943712506
1299,"Pouilly-Fuisse,France",0,0
1300,"Coteaux+Varois+en+Provence,France",0,0
1301,"Central+Otago,New+Zealand",-45.1299859,169.5248818
1302,"Rheingau,Germany",50.1241483,8.0912155
1303,"Eger,Hungary",47.8989887,20.3743665
1304,"Batard-Montrachet,France",46.9451362,4.7404005
1305,"Valdadige,Italy",45.6582406,10.9025042
1306,"Anjou+Villages,France",47.51815895,0.128582332128164
1307,"Colli+di+Conegliano,Italy",45.8870267,12.2906221
1308,"Macon-Villages,France",46.3584804,4.832463
1309,"Cayuga+Lake,US",42.69767595,-76.7126902611025
1310,"Virginia,US",37.1232245,-78.4927721
1311,"Vinho+Espumante+de+Qualidade,Portugal",0,0
1312,"Bendigo,Australia",-36.7588767,144.2825931
1313,"Colli+Piacentini,Italy",0,0
1314,"Vin+de+Pays+de+L'Herault,France",0,0
1315,"Ciro+Classico,Italy",0,0
1316,"St.+David's+Bench,Canada",0,0
1317,"River+Junction,US",30.6857475,-84.8413087
1318,"Macon-Peronne,France",46.4385322,4.8096295
1319,"Podunavlje,Croatia",45.629289,18.8138603
1320,"Napa+County-Lake+County,US",0,0
1321,"Jiri+Valley,South+Korea",0,0
1322,"Givry,France",46.7831191,4.7432564
1323,"Korinthia,Greece",37.96299085,22.7333423672362
1324,"Urla-Thrace,Turkey",0,0
1325,"Catamarca,Argentina",-28.4688963,-65.7790753
1326,"Vino+de+la+Tierra+de+Zamora,Spain",0,0
1327,"Paso+Robles,US",35.6267654,-120.6912456
1328,"Temecula,US",33.4946353,-117.1473661
1329,"Wagram-Donauland,Austria",0,0
1330,"Anjou+Villages+Brissac,France",0,0
1331,"Rosso+di+Toscana,Italy",43.0573443,11.60890845
1332,"Prosecco+Treviso,Italy",45.9070215,12.0918342
1333,"Vin+de+Pays+Cite+de+Carcassonne,France",0,0
1334,"Vista+Flores,Argentina",-33.6509493,-69.1555479
1335,"Sonoma+County-Monterey+County-Santa+Barbara+County,US",0,0
1336,"Colli+Euganei,Italy",45.30235545,11.8050760477346
1337,"Vinho+Licoroso,Portugal",0,0
1338,"Chisinau+County,Moldova",47.0244707,28.8322534
1339,"Texoma,US",33.95505255,-96.9571172432033
1340,"Eola-Amity+Hills,US",0,0
1341,"Gisborne,New+Zealand",-38.661326,178.0206487
1342,"Antelope+Valley+of+the+California+High+Desert,US",0,0
1343,"Molina,Chile",-35.1139703,-71.2799798
1344,"Napa-Carneros,US",38.2575826,-122.3027297
1345,"Sonoma-Mendocino,US",38.4698895,-122.7225339
1346,"Bianco+di+Custoza,Italy",0,0
1347,"Santa+Maria+Valley,US",34.947792,-120.564712
1348,"South+Australia,Australia",-30.5343665,135.6301212
1349,"Soave,Italy",45.4202303,11.247722
1350,"Barbera+d'Alba+Superiore,Italy",0,0
1351,"Morey-Saint-Denis,France",47.1955052,4.9623167
1352,"Napa-Sonoma,US",38.29501795,-122.475999659626
1353,"Sierra+de+Salamanca,Spain",40.6065982,-6.0387627
1354,"Alella,Spain",41.4952867,2.2942758
1355,"Moselle+Luxembourgeoise,Luxembourg",49.6728328,6.4379836
1356,"High+Valley,US",31.0826699,-98.5361482
1357,"Constantia,South+Africa",-34.0283333,18.4155556
1358,"Lithuania,Lithuania",55.3500003,23.7499997
1359,"Patras,Greece",38.246242,21.7350847
1360,"California,US",36.7014631,-118.7559974
1361,"Brunello+di+Montalcino,Italy",43.0774282,11.4928801
1362,"Spain,Spain",39.3262345,-4.8380649
1363,"Wiener+Gemischter+Satz,Austria",0,0
1364,"Naches+Heights,US",46.6409587,-120.6420137
1365,"Vinos+de+Madrid,Spain",40.4030526,-3.6756934
1366,"Erbaluce+di+Caluso,Italy",0,0
1367,"Romanee-St.-Vivant,France",47.1623246,4.95287344978855
1368,"La+Grande+Rue,France",46.2243172,-0.1992199
1369,"Danube+Hills+Valley,Bulgaria",0,0
1370,"McLaren+Vale-Langhorne+Creek,Australia",0,0
1371,"Sauternes,France",44.5327805,-0.341386
1372,"Cadillac,France",44.6360817,-0.3173533
1373,"Corton-Charlemagne,France",47.07374645,4.85258067550562
1374,"Clements+Hills,US",28.9055099,-82.4257209
1375,"Vino+de+la+Tierra+Contraviesa+Alpujarra,Spain",0,0
1376,"Elim,South+Africa",-34.592193,19.759556
1377,"Table+wine,Portugal",0,0
1378,"Capay+Valley,US",38.7076812,-122.0480266
1379,"Cotes+Catalanes,France",0,0
1380,"Carinena,Spain",41.3377248,-1.2248826
1381,"San+Pasqual,US",33.0917085,-116.9539177
1382,"Montepulciano+d'Abruzzo+Cerasuolo,Italy",0,0
1383,"San+Vicente,Mexico",19.588056,-98.5975
1384,"Weinland+Osterreich,Austria",0,0
1385,"Terras+do+Sado,Portugal",0,0
1386,"Santa+Catarina,Brazil",-27.0628367,-51.114965
1387,"Grand+Roussillon,France",43.9024768,5.2920876
1388,"Okanagan+Valley,Canada",50.37476565,-118.963846454316
1389,"Perigord,France",45.5449404,1.0413194
1390,"Ribatejano,Portugal",0,0
1391,"Coteaux+d'Ancenis,France",47.4618006,-1.18088846137821
1392,"Clear+Lake,US",44.7595585,-96.6826444421204
1393,"Steiermark,Austria",47.2500001,15.1666665
1394,"Lambrusco+Grasparossa+di+Castelvetro,Italy",0,0
1395,"Elazig-Diyarbakir,Turkey",37.9986435,40.1261423
1396,"Bienvenues+Batard-Montrachet,France",46.9457247,4.742291
1397,"Ohiti+Valley,New+Zealand",-39.5994033,176.711276
1398,"Viile+Carasului,Romania",0,0
1399,"Vin+de+France,France",49.0527062,4.8646474
1400,"Snipes+Mountain,US",46.1059546,-121.460637
1401,"Madrid,Spain",40.4167047,-3.7035825
1402,"Limnos,Greece",39.9088688,25.1499607909131
1403,"Montefalco,Italy",42.8918739,12.6500673
1404,"North+Island,New+Zealand",-38.00353045,175.957852608357
1405,"Bourgogne+Grand+Ordinaire,France",0,0
1406,"Salta,Argentina",-25.1076701,-64.3494964
1407,"Roero+Arneis,Italy",0,0
1408,"Terre+di+Franciacorta,Italy",45.59955195,10.1066857641467
1409,"Vino+de+la+Tierra+Ribera+del+Gallego-Cinco+Villas,Spain",0,0
1410,"Macon-Mancey,France",0,0
1411,"Peninsula+de+Setubal,Portugal",38.6272781,-8.92968865426421
1412,"Applegate+Valley,US",39.0007303,-120.9924431
1413,"Niagara+Peninsula,Canada",43.0326295,-79.1060829
1414,"Portuguese+Table+Wine,Portugal",0,0
1415,"Aegean,Turkey",38.0118018,28.5012213217443
1416,"Leithaberg,Austria",47.88822,16.5810037
1417,"Chambertin,France",47.3669664,4.9988007
1418,"Isle+St.+George,US",41.7217149,-82.8201872
1419,"Carema,Italy",45.5833024,7.8104064
1420,"Cappadocia,Turkey",38.646806,34.8491554
1421,"Mendocino-Lake+County-Napa,US",0,0
1422,"Walla+Walla+Valley+(OR),US",0,0
1423,"Thracian+Valley,Bulgaria",43.7451394,26.7662326
1424,"Rueda,Spain",41.4129785,-4.9597533
1425,"Vino+de+la+Tierra+de+Castilla,Spain",0,0
1426,"Peloponnese,Greece",37.2528536,22.2326023992454
1427,"Corton+Greves,France",0,0
1428,"Mudgee,Australia",-32.5980702,149.5886383
1429,"Riverina,Australia",-37.7086031,144.546498765929
1430,"Viile+Timis,Romania",45.8002684,21.2920014
1431,"Colline+Teramane,Italy",0,0
1432,"Lake+Skadar+Valley,Montenegro",42.1955357,19.2915902232051
1433,"Yakima+Valley,US",46.601557,-120.5108421
1434,"Torgiano+Rosso+Riserva,Italy",0,0
1435,"Soave+Superiore,Italy",44.5000737,8.90338153453787
1436,"Monbazillac,France",44.795,0.4925
1437,"Aminga+Valley,Argentina",-28.8476607,-66.9304252
1438,"Recioto+della+Valpolicella+Valpantena,Italy",0,0
1439,"Moscato+di+Pantelleria,Italy",0,0
1440,"Nahe,Germany",49.7874798,7.4869735
1441,"Prosecco+di+Conegliano+e+Valdobbiadene,Italy",0,0
1442,"Colli+Perugini,Italy",0,0
1443,"Tulbagh,South+Africa",-33.285059,19.140667
1444,"Recioto+di+Soave,Italy",0,0
1445,"Dealurile+Munteniei,Romania",0,0
1446,"Sonoma,US",38.5110803,-122.8473388
1447,"Sonoma-Santa+Barbara-Mendocino,US",0,0
1448,"Catalanesca+del+Monte+Somma,Italy",0,0
1449,"Contra+Costa+County,US",37.9034806,-121.9175345
1450,"Limestone+Coast,Australia",-32.6683333,152.1383333
1451,"Beotia,Greece",0,0
1452,"Monterrei,Spain",41.9467657,-7.4491474
1453,"Macon-Vergisson,France",46.3080413,4.7138246
1454,"Ischia,Italy",40.72688165,13.9095474303359
1455,"Muscat+de+Saint-Jean+de+Minervois,France",0,0
1456,"Granite+Belt,Australia",-28.5359421,151.948828
1457,"Collioure,France",42.52505,3.0831554
1458,"Cadillac+Cotes+de+Bordeaux,France",0,0
1459,"Mediterranee,France",46.2349145,6.6554021
1460,"Chorey-les-Beaune,France",47.0478752,4.8666174
1461,"Chianti+Colli+Senesi,Italy",0,0
1462,"Falerio,Italy",40.6619891,14.6983538
1463,"Nagambie+Lakes,Australia",0,0
1464,"Duriense,Portugal",0,0
1465,"Coelemu,Chile",-36.4876004,-72.7023316
1466,"Pageon,Greece",0,0
1467,"Benaco+Bresciano,Italy",45.6355088,10.60287
1468,"Plaiurile+Drancei,Romania",0,0
1469,"Franschhoek,South+Africa",-33.909167,19.119444
1470,"Chianti+Rufina,Italy",0,0
1471,"Halkidiki,Greece",40.0337881,23.4751986
1472,"Cremant+de+Jura,France",0,0
1473,"Cotes+de+Saint-Mont,France",0,0
1474,"Albemarle+County,US",38.0085107,-78.6086754
1475,"Elqui+Valley,Chile",-33.0414407,-71.644855
1476,"Valtellina,Italy",46.32336235,10.2584136710177
1477,"Waipara,New+Zealand",-43.1052329,172.7679265
1478,"Montevideo,Uruguay",-34.9059039,-56.1913569
1479,"Cotes-du-Ventoux,France",0,0
1480,"Macon-Charnay,France",46.3098212,4.784542
1481,"Dingac,Croatia",42.9388295,17.33849
1482,"Rivesaltes+Rose,France",42.7683568,2.8709277
1483,"Transylvanian+Plateau,Romania",0,0
1484,"Rose+Valley,Bulgaria",42.6330392,25.3363439
1485,"Vosne-Romanee,France",47.1585795,4.9547623
1486,"Hautes+Cotes+de+Beaune,France",47.1499101,4.8899102
1487,"Florina,Greece",40.779442,21.407594
1488,"Swan+Creek,US",37.099983,-79.159762
1489,"Penisola+Sorrentina,Italy",40.6379314,14.4021601
1490,"Getariako+Txakolina,Spain",0,0
1491,"Massachusetts,US",42.3788774,-72.032366
1492,"Colares,Portugal",38.7991807,-9.446217
1493,"Brindisi,Italy",40.6395295,17.945526
1494,"Cremant+de+Limoux,France",0,0
1495,"Atlas+Peak,US",38.4507431,-122.2627529
1496,"Falanghina+del+Sannio,Italy",0,0
1497,"Sithonia,Greece",40.0984424,23.8778558
1498,"Sagrantino+di+Montefalco,Italy",0,0
1499,"Cauquenes+Valley,Chile",-35.9671286,-72.315427
1500,"Fleurieu+Peninsula,Australia",-35.5082015,138.477741892658
1501,"Vin+de+Pays+d'Imathia,Greece",0,0
1502,"Frankland+River,Australia",-42.99605,146.05494
1503,"Sable+de+Camargue,France",0,0
1504,"Julienas,France",46.2347371,4.7114718
1505,"Lambrusco+dell'Emilia,Italy",0,0
1506,"Alenteo,Portugal",0,0
1507,"Cotes+du+Rhone,France",45.3956194,6.5749874
1508,"Franken,Germany",54.3014601,13.1103568455351
1509,"Rosso+del+Veronese,Italy",45.6286888,10.8083183
1510,"Turkey,Turkey",38.9597594,34.9249653
1511,"Macon+Chaintre,France",46.279561,4.7786921
1512,"Chianti+Montespertoli,Italy",0,0
1513,"Burgundy,France",47.27808725,4.22248630430605
1514,"Paso+Robles+Highlands+District,US",0,0
1515,"Chehalem+Mountains,US",0,0
1516,"Wahluke+Slope,US",46.7206936,-119.3980773
1517,"Trentino,Italy",46.102817,11.1295430998718
1518,"Columbia+Gorge+(OR),US",0,0
1519,"Primitivo+del+Salento,Italy",0,0
1520,"Cacc'e+Mmitte+di+Lucera,Italy",0,0
1521,"Washington,US",38.8950092,-77.0365625
1522,"Catalunya,Spain",41.8523094,1.5745043
1523,"Stags+Leap+District,US",0,0
1524,"Chile,Chile",-31.7613365,-71.3187697
1525,"Bolgheri+Superiore,Italy",0,0
1526,"Montsant,Spain",41.117055,1.2110712
1527,"Atlantida,Uruguay",-34.7743888,-55.7605883
1528,"Colline+Novaresi,Italy",0,0
1529,"Pine+Mountain-Cloverdale+Peak,US",0,0
1530,"Buzet,France",43.7096644,-0.8313243
1531,"Middle+and+South+Dalmatia,Croatia",43.513847,16.451105
1532,"Vino+de+la+Tierra+de+Castello,Spain",0,0
1533,"California-Washington,US",40.0657724,-79.8918436
1534,"Napa+Valley,US",38.8487788,-94.4138849
1535,"Alsace,France",48.24917645,7.4074699518555
1536,"Bennett+Valley,US",43.1854085,-101.655263
1537,"Graves,France",45.6500048,-0.1060768
1538,"Emilia-Romagna,Italy",44.525696,11.039437
1539,"Bordeaux,France",44.841225,-0.5800364
1540,"Goumenissa,Greece",40.9466441,22.4519413
1541,"Vlootenburg,South+Africa",0,0
1542,"Monterey-San+Luis+Obispo-Santa+Barbara,US",0,0
1543,"Slovenska+Istra,Slovenia",0,0
1544,"Chianti+Classico,Italy",43.3932476,11.3086645
1545,"Beira+Interior,Portugal",38.7009848,-28.2103157
1546,"Rhone+Valley,France",45.6113382,5.6322327
1547,"Lolol+Valley,Chile",-34.727836,-71.6440839
1548,"Romangia,Italy",40.7346008,8.5651511
1549,"Valpolicella+Ripasso+Valpantena+Superiore,Italy",0,0
1550,"Sicilia,Italy",37.587794,14.155048
1551,"Kamptal,Austria",48.38071295,16.5246643043393
1552,"Spring+Mountain+District,US",53.7748716,-122.0098849
1553,"Vino+Nobile+di+Montepulciano,Italy",0,0
1554,"Macon-Cruzille,France",46.506425,4.7968947
1555,"Fronton,France",43.840295,1.390285
1556,"Recioto+della+Valpolicella+Classico,Italy",0,0
1557,"Macon+La+Roche+Vineuse,France",46.3432975,4.7225733
1558,"Monteregio+di+Massa+Marittima,Italy",43.0520442,10.8895389768227
1559,"Vinho+Espumante,Portugal",0,0
1560,"Amyndeon,Greece",0,0
1561,"Macon-Fuisse,France",46.2798941,4.7441091
1562,"La+Clape,France",42.9686517,2.5484271
1563,"Paestum,Italy",40.4238379,15.0069514
1564,"Yarra+Valley,Australia",-34.82047925,149.596826218021
1565,"Valpolicella+Superiore,Italy",0,0
1566,"Rivesaltes,France",42.7683568,2.8709277
1567,"South+Eastern+Australia,Australia",-30.5343665,135.6301212
1568,"Prosecco+del+Veneto,Italy",45.9017014,12.0989141
1569,"Colorado,US",38.7251776,-105.6077167
1570,"Weinviertel,Austria",48.3248019,16.4289809
1571,"Portugal,Portugal",40.033265,-7.8896263
1572,"Hermitage,France",47.7550518,-1.3602204
1573,"Ukraine,Ukraine",49.4871968,31.2718321
1574,"Costers+del+Segre,Spain",0,0
1575,"Elazig,Turkey",38.5824771,39.396179
1576,"Lesbos,Greece",39.2074811,26.1342123
1577,"Nardo,Italy",40.1762608,18.0306371
1578,"Napa+County,US",38.4898675,-122.3218414
1579,"Ruche+di+Castagnole+Monferrato,Italy",0,0
1580,"Nevada+County,US",39.3540335,-120.8089843
1581,"Lakonia,Greece",36.8114196,22.8402725056782
1582,"Vin+Doux+Naturel+Rasteau,France",0,0
1583,"Sangiovese+di+Romagna+Superiore,Italy",0,0
1584,"Tokaj,Hungary",48.1235534,21.4113895
1585,"Monterey-Santa+Barbara,US",34.421814,-119.7269
1586,"Piemonte,Italy",45.060735,7.923549
1587,"Ribera+del+Jucar,Spain",39.19109015,-1.59647930542351
1588,"Rosso+Piceno+Superiore,Italy",42.9486816,13.7075338
1589,"Murgia,Italy",39.3263729,8.7394162
1590,"Valtenesi,Italy",45.50919,10.38676
1591,"Macon-Vinzelles,France",46.2629798,4.79029478812729
1592,"Walla+Walla+Valley+(WA),US",46.0650381,-118.3302476
1593,"Montescudaio,Italy",43.3262785,10.6269946
1594,"Corton+Vergennes,France",0,0
1595,"Touraine+Amboise,France",47.3813375,1.0175723
1596,"Cotes+de+Forez,France",45.6487994,4.3378697
1597,"Mendocino-Solano,US",38.1081962,-122.2331112
1598,"Martinborough+Terrace,New+Zealand",-41.2183252,175.4594856
1599,"Chambertin+Clos+de+Beze,France",0,0
1600,"Cote+Rotie,France",45.0572975,4.6927444
1601,"Falerno+del+Massico,Italy",0,0
1602,"North+Coast,US",-23.0053563,-43.3297952
1603,"Epomeo,Italy",40.7303238,13.8944287
1604,"Letrinon,Greece",37.672068,21.4367838
1605,"Arroyo+Seco,US",36.0788259,-120.1644978
1606,"Ribeiro,Spain",43.1480413,-7.2973507
1607,"North+Fork+of+Long+Island,US",0,0
1608,"Cotes+du+Lot,France",0,0
1609,"Rosazzo,Italy",45.9970608,13.4415949
1610,"Washington-Oregon,US",45.5601883,-123.0587907
1611,"Jurancon+Sec,France",43.2871825,-0.3896425
1612,"Yorkville+Highlands,US",0,0
1613,"Cote+Chalonnaise,France",46.8161324,4.75209153413422
1614,"Recas,Romania",45.8017074,21.5092923
1615,"Bardolino+Superiore,Italy",0,0
1616,"Cotes+de+Thongue,France",0,0
1617,"Ramandolo,Italy",46.2216457,13.2583735
1618,"Sonoma,US",38.5110803,-122.8473388
1619,"Vin+de+Pays+des+Coteaux+de+Bessilles,France",0,0
1620,"Vin+de+Pays+des+Collines+de+la+Moure,France",0,0
1621,"La+Mancha,Spain",37.0388525,-4.5302423
1622,"Swartland,South+Africa",-33.29356,18.59938250178
1623,"Aloxe-Corton,France",47.0653471,4.8596328
1624,"Coteaux+du+Layon,France",47.3307349,-0.6696313
1625,"Calabria,Italy",39.0565974,16.5249864
1626,"Bullas,Spain",38.0497852,-1.6703391
1627,"Tulum+Valley,Argentina",-31.5031551,-68.5921874
1628,"Northeastern+Italy,Italy",0,0
1629,"San+Bernabe,US",43.0336558,-2.6573304
1630,"Sonoma+County-Napa+County,US",0,0
1631,"Saint-Croix-du-Mont,France",45.9446111,1.4299017
1632,"Texas,US",31.8160381,-99.5120986
1633,"Moulis,France",42.9604715,1.0924298
1634,"Fleurie,France",46.1920243,4.6981214
1635,"Rosso+Piceno,Italy",42.8598793,13.5703296
1636,"Gattinara,Italy",45.6142424,8.3711382
1637,"Suisun+Valley,US",38.073281,-122.073573843353
1638,"Kelsey+Bench-Lake+County,US",0,0
1639,"Vermentino+di+Toscana,Italy",0,0
1640,"Kentucky,US",37.5726028,-85.1551411
1641,"Napa-Sonoma-Marin,US",0,0
1642,"Campo+de+Borja,Spain",41.78676275,-1.50581896115502
1643,"Somontano,Spain",42.0883878,0.0994041289067231
1644,"Albana+di+Romagna,Italy",44.0064561,12.6202748
1645,"Wagram,Austria",47.9366799,16.2202861
1646,"Vermentino+di+Gallura,Italy",0,0
1647,"Colli+di+Salerno,Italy",40.2837271,15.5381541
1648,"Collines+Rhodaniennes,France",0,0
1649,"Macon-Lugny,France",46.4738658,4.807747
1650,"Vin+Santo+di+Montepulciano,Italy",0,0
1651,"Finca+Elez,Spain",0,0
1652,"Chateauneuf-du-Pape,France",44.0553336,4.8312888
1653,"Margaux,France",45.046232,-0.672885093744887
1654,"Salina,Italy",38.55904115,14.8358906071563
1655,"Bergerac+Rose,France",43.3079868,5.3816721
1656,"Macedonia,Greece",37.9714428,23.7699608
1657,"Mt.+Harlan,US",36.6974604,-121.405214
1658,"Trentino+Superiore,Italy",46.0069424,10.7896444
1659,"Dalmatian+Coast,Croatia",0,0
1660,"Vin+de+Pays+du+Val+de+Loire,France",0,0
1661,"Vi+de+la+Terra+Illes+Balears,Spain",0,0
1662,"Dealurile+Husilor,Romania",0,0
1663,"Palette,France",44.645317,-0.3177631
1664,"McDowell+Valley,US",37.3660757,-81.6478197
1665,"Cape+South+Coast,South+Africa",0,0
1666,"Rosso+di+Cerignola,Italy",41.2628863,15.900476
1667,"Quincy,France",46.9165047,4.5013955
1668,"Morocco,Morocco",31.1728205,-7.3362482
1669,"Vino+de+la+Tierra+Altiplano+de+Sierra+Nevada,Spain",0,0
1670,"Colli+Asolani+Prosecco,Italy",0,0
1671,"Greece,Greece",38.9953683,21.9877132
1672,"New+Zealand,New+Zealand",-41.5000831,172.8344077
1673,"Petit+Chablis,France",47.8133804,3.7692048
1674,"Progreso,Uruguay",-30.4149536,-56.458962
1675,"Hungary,Hungary",47.1817585,19.5060937
1676,"Groenekloof,South+Africa",-29.5495971,30.2941723
1677,"Maury+Sec,France",42.8102692,2.5935825
1678,"Coteaux+de+l'Aubance,France",0,0
1679,"Bordeaux+Blanc,France",44.8919266,-0.502713
1680,"Aconcagua+Valley,Chile",-33.4586836,-70.6527425
1681,"Leyda+Valley,Chile",-33.6121783,-71.4508924
1682,"Soave+Classico,Italy",0,0
1683,"Carnuntum,Austria",48.11096895,16.8567017521481
1684,"Bairrada,Portugal",39.6462485,-8.2413418
1685,"Seneca+Lake,US",42.62798415,-76.8964140303032
1686,"Victoria,Australia",-36.5986096,144.6780052
1687,"Robertson,South+Africa",-33.802222,19.883611
1688,"Setubal,Portugal",38.51736365,-8.89634072930799
1689,"Ancient+Lakes,US",42.7630762,-114.9224679
1690,"Northern+Sonoma,US",38.5177297,-122.9738437
1691,"Niagara+Escarpment,US",44.7180522,-87.5950953
1692,"Cabernet+d'Anjou,France",0,0
1693,"Colli+Martani,Italy",0,0
1694,"Gippsland,Australia",-37.87437,146.911450369302
1695,"Cachapoal+Valley,Chile",-34.2718634,-70.9938223
1696,"Rosso+di+Montepulciano,Italy",0,0
1697,"Heathcote,Australia",-34.0848266,151.007392
1698,"Pernand-Vergelesses,France",47.078957,4.853803
1699,"Pompeiano,Italy",39.8947332,18.2162707
1700,"McLaren+Vale-Padthaway,Australia",0,0
1701,"Passito+di+Noto,Italy",0,0
1702,"Vin+de+Pays+de+Caux,France",0,0
1703,"Valpolicella+Classico+Superiore+Ripasso,Italy",0,0
1704,"Basilicata,Italy",40.500571,16.081953
1705,"Rutherglen,Australia",-36.039985,146.519799228414
1706,"Bourgogne+Hautes+Cotes+de+Nuits,France",0,0
1707,"Valpolicella+Valpantena,Italy",0,0
1708,"Humboldt+County,US",40.5997415,-123.8997734
1709,"Arbois,France",46.9032368,5.7727084
1710,"Nuragus+di+Cagliari,Italy",0,0
1711,"Montecarlo,Italy",43.8511862,10.6676214
1712,"Vin+de+Pays+des+Sables+du+Golfe+du+Lion,France",0,0
1713,"Clos+de+Vougeot,France",47.1752753,4.9554317
1714,"Beamsville+Bench,Canada",43.1654577,-79.4751839
1715,"Orvieto+Classico,Italy",0,0
1716,"Rosso+Conero,Italy",43.5698808,13.5513259
1717,"Ribera+del+Queiles,Spain",0,0
1718,"Western+Plains,Australia",-32.4745294,148.836861865647
1719,"Cotes+du+Frontonnais,France",0,0
1720,"Ilia,Greece",38.8509694,23.1256502
1721,"Toledo,Spain",39.8560679,-4.0239568
1722,"Coteaux+du+Layon+Beaulieu,France",47.3151609,-0.6004098
1723,"Iowa,US",41.9216734,-93.3122705
1724,"Santa+Clara+Valley,US",39.021575,-84.5551220746503
1725,"Saint-Estephe,France",45.2642784,-0.7706847
1726,"Gavi,Italy",44.687649,8.809353
1727,"Lambrusco+di+Sorbara,Italy",44.753007,11.009671
1728,"Nevada,US",39.5158825,-116.8537227
1729,"Howell+Mountain,US",38.5802188,-122.4313836
1730,"Alta+Langa,Italy",44.678428,8.2231367
1731,"Sonoma+Valley,US",37.8212867,-85.9699148
1732,"Vino+Spumante,Italy",0,0
1733,"Elkton+Oregon,US",43.6370577,-123.5673843
1734,"Cotes+du+Roussillon+Villages,France",0,0
1735,"Vesuvio,Italy",40.8214568,14.4258161
1736,"Mittelrhein,Germany",50.3638081,7.5592278
1737,"Vino+da+Tavola+della+Svizzera+Italiana,Switzerland",0,0
1738,"Sonoma+Mountain,US",38.3229698,-122.5749837
1739,"Adelaida+District,US",-35.1889746,138.597379320412
1740,"Vino+de+la+Tierra+de+Castilla+y+Leon,Spain",0,0
1741,"Les+Baux+de+Provence,France",43.7436371,4.795125
1742,"Jerusalem+Hills,Israel",0,0
1743,"Mostar,Bosnia+and+Herzegovina",43.3416104,17.8030427
1744,"Vermont,US",44.5990718,-72.5002608
1745,"Dolcetto+di+Dogliani+Superiore,Italy",0,0
1746,"Friuli+Venezia+Giulia,Italy",46.151042,13.055904
1747,"Tavora-Varosa,Portugal",0,0
1748,"Lime+Kiln+Valley,US",39.1542741,-76.9558093
1749,"Mount+Barker,Australia",-35.0641302,138.8586385
1750,"Aglianico+del+Beneventano,Italy",0,0
1751,"Verduno,Italy",44.66614,7.930735
1752,"Chianti,Italy",43.7043073,11.1048413
1753,"Valpolicella+Classico+Superiore,Italy",0,0
1754,"Thrace,Turkey",40.7939323,26.1425009
1755,"Swan+Hill,Australia",-35.36206,143.512686496089
1756,"Arcole,Italy",45.3582108,11.2860916
1757,"Oregon,US",43.9792797,-120.737257
1758,"Maipo+Valley,Chile",-33.7328646,-70.7812358
1759,"Galilee,Israel",32.8616632,35.2640128
1760,"Willamette+Valley,US",45.3442868,-122.6670374
1761,"Montravel,France",4.9119511,-52.2591469
1762,"Sudsteiermark,Austria",46.77684255,15.6661967924541
1763,"Ica,Peru",-14.0634905,-75.7294026
1764,"Omaka+Valley,New+Zealand",-43.4603449,172.5760804
1765,"Maury,France",42.8102692,2.5935825
1766,"Lison-Pramaggiore,Italy",45.7788246,12.7367108
1767,"Moscadello+di+Montalcino,Italy",0,0
1768,"Venezia,Italy",45.4371908,12.3345898
1769,"Bearn,France",48.67681335,2.16542488064817
1770,"Terras+do+Dao,Portugal",38.9620834,-9.1894827
1771,"Grampians,Australia",-36.718805,142.220950862264
1772,"Edna+Valley,US",28.9772626,-96.6462526
1773,"Polk+County,US",27.9448537,-81.7268789
1774,"Falerio+dei+Colli+Ascolani,Italy",0,0
1775,"Golan+Heights,Israel",33.2120673,35.7877991
1776,"Copertino,Italy",40.2716808,18.0502517
1777,"Collio,Italy",45.8093124,10.3328723
1778,"Lodi,US",38.1301968,-121.2724473
1779,"Lisboa,Portugal",38.7077507,-9.1365919
1780,"Central+Coast,US",-33.3117096,151.312067495083
1781,"Medrano,Argentina",-33.1811161,-68.614301
1782,"Moulis-en-Medoc,France",45.0564852,-0.7736381
1783,"Eilandia,South+Africa",0,0
1784,"Yolo+County,US",38.7184542,-121.9059001
1785,"Hunter+Valley,Australia",-32.7797064,151.3432779
1786,"Tierra+de+Leon,Spain",41.9533522,-3.4780483
1787,"Grave+del+Friuli,Italy",46.2116398,12.4131488
1788,"Strevi,Italy",44.698146,8.521847
1789,"Goulburn+Valley,Australia",-34.7523871,149.7198009
1790,"Macon-Prisse,France",46.3223895,4.7673832
1791,"Lemnos,Greece",39.9088688,25.1499607909131
1792,"Bio+Bio+Valley,Chile",-37.3391407,-72.4106825
1793,"Temecula+Valley,US",33.4946353,-117.1473661
1794,"Muscat+de+Rivesaltes,France",0,0
1795,"Jujuy,Argentina",-23.3161458,-65.7595288
1796,"Costa+d'Amalfi,Italy",40.61887125,14.9111031454236
1797,"North+Coast,US",-23.0053563,-43.3297952
1798,"Nashik,India",20.216667,74.083333
1799,"Vin+de+Pays+de+l'Atlantique,France",0,0
